Workbook

Sheet 2018-2026
EI1: GUARDIA NACIONAL
EI2: UNIDAD DE ÓRGANOS ESPECIALIZADOS POR COMPETENCIA
EI3: DIRECCIÓN GENERAL CIENTÍFICA
A5: INFORME DE ACCIONES Y RESULTADOS EN EL MARCO DE LA ESTRATEGIA NACIONAL DE SEGURIDAD PÚBLICA (ENSP)
A8: VIII. SEGURIDAD PÚBLICA, SEGURIDAD NACIONAL Y PAZ
A10: CIBERSEGURIDAD
A12: Ciberseguridad | B12: Concepto | C12: 43435 | D12: 43466 | E12: 43497 | F12: 43525 | G12: 43556 | H12: 43586 | I12: 43617 | J12: 43647 | K12: 43678 | L12: 43709 | M12: 43739 | N12: 43770 | O12: 43800 | P12: 43831 | Q12: 43862 | R12: 43891 | S12: 43922 | T12: 43952 | U12: 43983 | V12: 44013 | W12: 44044 | X12: 44075 | Y12: 44105 | Z12: 44136 | AA12: 44166 | AB12: 44197 | AC12: 44228 | AD12: 44256 | AE12: 44287 | AF12: 44317 | AG12: 44348 | AH12: 44378 | AI12: 44409 | AJ12: 44440 | AK12: 44470 | AL12: 44501 | AM12: 44531 | AN12: 44562 | AO12: 44593 | AP12: 44621 | AQ12: 44652 | AR12: 44703 | AS12: 44734 | AT12: 44764 | AU12: 44774 | AV12: 44819 | AW12: 44864 | AX12: 44866 | AY12: 44896 | AZ12: 44927 | BA12: 44956 | BB12: 44972 | BC12: 44985 | BD12: 45000 | BE12: 45015 | BF12: 45031 | BG12: 45046 | BH12: 45061 | BI12: 45076 | BJ12: 45092 | BK12: 45107 | BL12: 45122 | BM12: 45137 | BN12: 45139 | BO12: 45168 | BP12: 45184 | BQ12: 45199 | BR12: 45214 | BS12: 45229 | BT12: 45245 | BU12: 45260 | BV12: 45275 | BW12: 45290 | BX12: 45306 | BY12: 45321 | BZ12: 45337 | CA12: 45351 | CB12: 45366 | CC12: 45381 | CD12: 45397 | CE12: 45412 | CF12: 45427 | CG12: 45442 | CH12: 45458 | CI12: 45473 | CJ12: 45488 | CK12: 45503 | CL12: 45519 | CM12: 45534 | CN12: 45550 | CO12: 45565 | CP12: 45580 | CQ12: 45595 | CR12: 45611 | CS12: 45626 | CT12: 45641 | CU12: 45656 | CV12: 45658 | CW12: 45658 | CX12: 45689 | CY12: 45689 | CZ12: 45717 | DA12: 45717 | DB12: 38443 | DC12: 45748 | DD12: 45778 | DE12: 45778 | DF12: 45809 | DG12: 45809 | DH12: 45839 | DI12: 45839 | DJ12: 45870 | DK12: 45870 | DL12: 45901 | DM12: 45901 | DN12: 45931 | DO12: 45931 | DP12: 45962 | DQ12: 45962 | DR12: 45992 | DS12: 45992 | DT12: 46023 | DU12: 46023 | DV12: 46068 | DW12: 46081 | DX12: 46096 | DY12: 46111 | DZ12: 46127 | EA12: 46142 | EB12: 46157 | EC12: 46172 | ED12: 46188 | EE12: 46203 | EF12: 46218 | EG12: 46233 | EH12: NUEVA ADMINISTRACION Oct 2024- A LA FECHA | EI12: ACUMULADO 01 DIC 2018- LA FECHA | EJ12: CREACION GN JULIO 2019 A LA FECHA | EK12: LABORES DEFENSA | EL12: 2018 | EM12: 2019 | EN12: 2020 | EO12: 2021 | EP12: 2022 | EQ12: 2023 | ER12: 2024 | ES12: 2025 | ET12: 2026 | EU12: SSPC | EV12: ENSP | EX12: PPT JACOBO 1° Dic. 2018 al 30 sep. de 2024 | EY12: marzo 2029 -agosto 2025
A13: Forense Digital | B13: Servicios | C13: 75 | D13: 38 | E13: 34 | F13: 32 | G13: 46 | H13: 39 | I13: 96 | J13: 4 | K13: 18 | L13: 140 | M13: 160 | N13: 6 | O13: 95 | P13: 65 | Q13: 0 | R13: 56 | S13: 54 | T13: 2 | U13: 0 | V13: 4 | W13: 4 | X13: 2 | Y13: 23 | Z13: 8 | AA13: 5 | AB13: 6 | AC13: 3 | AD13: 6 | AE13: 67 | AF13: 0 | AG13: 77 | AH13: 2 | AI13: 14 | AJ13: 13 | AK13: 4 | AL13: 3 | AM13: 0 | AN13: 0 | AO13: 3 | AP13: 0 | AQ13: 0 | AR13: 0 | AS13: 0 | AT13: 2 | AU13: 134 | AV13: 3 | AW13: 17 | AX13: 129 | AY13: 0 | AZ13: 0 | BA13: 0 | BB13: 7 | BC13: 0 | BD13: 1 | BE13: 0 | BF13: 141 | BG13: 6 | BH13: 1 | BI13: 1 | BJ13: 0 | BK13: 153 | BL13: 0 | BM13: 0 | BN13: 5 | BO13: 0 | BP13: 3 | BQ13: 0 | BR13: 2 | BS13: 0 | BT13: 6 | BU13: 6 | BV13: 3 | BW13: 26 | BX13: 1 | BY13: 3 | BZ13: 1 | CA13: 1 | CB13: 1 | CC13: 7 | CD13: 3 | CE13: 4 | CF13: 14 | CG13: 9 | CH13: 17 | CI13: 8 | CJ13: 16 | CK13: 8 | CL13: 4 | CM13: 7 | CN13: =11+6 -> 17 | CO13: 21 | CP13: 3 | CQ13: 22 | CR13: 9 | CS13: 4 | CT13: 4 | CU13: 2 | CV13: 1 | CW13: 8 | CX13: 0 | CY13: 7 | CZ13: 3 | DA13: 5 | DB13: 0 | DC13: 1 | DD13: 3 | DE13: 3 | DF13: 0 | DG13: 11 | DH13: 3 | DI13: 4 | DJ13: 15 | DK13: 0 | DL13: 7 | DM13: 7 | DN13: 0 | DO13: 0 | DP13: 1 | DQ13: 17 | DR13: 14 | DS13: 2 | EH13: =SUM(CP13:EG13) -> 156 | EI13: =SUM(C13:DM13) -> 2114 | EJ13: =SUM(J13:DM13) -> 1754 | EK13: =SUM(DL13:EG13) -> 48 | EL13: =SUM(C13:C13) -> 75 | EM13: =SUM(D13:O13) -> 708 | EN13: =SUM(P13:AA13) -> 223 | EO13: =SUM(AB13:AM13) -> 195 | EP13: =SUM(AN13:AY13) -> 288 | EQ13: =SUM(AZ13:BW13) -> 361 | ER13: =SUM(BX13:CU13) -> 186 | ES13: =SUM(CV13:DS13) -> 112 | ET13: =SUM(DT13:EG13) -> 0 | EU13: =SUM(CW13:EH13) -> 267 | EV13: =SUM(CX13:EI13) -> 2373 | EW13: =SUM(CY13:EJ13) -> 4127 | EX13: =SUM(CZ13:EL13) -> 4243 | EY13: =SUM(F13:DK13) -> 1953
A14: Forense Digital | B14: Solicitudes | C14: 6 | D14: 3 | E14: 11 | F14: 6 | G14: 4 | H14: 5 | I14: 9 | J14: 3 | K14: 7 | L14: 5 | M14: 6 | N14: 4 | O14: 6 | P14: 4 | Q14: 0 | R14: 4 | S14: 3 | T14: 2 | U14: 0 | V14: 1 | W14: 1 | X14: 3 | Y14: 3 | Z14: 1 | AA14: 2 | AB14: 3 | AC14: 1 | AD14: 2 | AE14: 3 | AF14: 0 | AG14: 2 | AH14: 1 | AI14: 5 | AJ14: 1 | AK14: 3 | AL14: 2 | AM14: 0 | AN14: 0 | AO14: 1 | AP14: 0 | AQ14: 0 | AR14: 0 | AS14: 0 | AT14: 1 | AU14: 3 | AV14: 1 | AW14: 1 | AX14: 3 | AY14: 0 | AZ14: 0 | BA14: 0 | BB14: 2 | BC14: 0 | BD14: 1 | BE14: 0 | BF14: 2 | BG14: 3 | BH14: 1 | BI14: 1 | BJ14: 0 | BK14: 4 | BL14: 0 | BM14: 0 | BN14: 1 | BO14: 0 | BP14: 1 | BQ14: 0 | BR14: 1 | BS14: 0 | BT14: 3 | BU14: 5 | BV14: 2 | BW14: 9 | BX14: 1 | BY14: 2 | BZ14: 1 | CA14: 1 | CB14: 1 | CC14: 2 | CD14: 1 | CE14: 2 | CF14: 4 | CG14: 3 | CH14: 4 | CI14: 2 | CJ14: 6 | CK14: 6 | CL14: 2 | CM14: 3 | CN14: =5+3 -> 8 | CO14: 3 | CP14: 1 | CQ14: 5 | CR14: 2 | CS14: 2 | CT14: 3 | CU14: 2 | CV14: 1 | CW14: 6 | CX14: 1 | CY14: 3 | CZ14: 4 | DA14: 2 | DB14: 0 | DC14: 1 | DD14: 1 | DE14: 3 | DF14: 0 | DG14: 3 | DH14: 5 | DI14: 3 | DJ14: 8 | DK14: 0 | DL14: 5 | DM14: 4 | EH14: =SUM(CP14:EG14) -> 65 | EI14: =SUM(C14:DM14) -> 285 | EJ14: =SUM(J14:DM14) -> 241 | EK14: =SUM(DL14:EG14) -> 9 | EL14: =SUM(C14:C14) -> 6 | EM14: =SUM(D14:O14) -> 69 | EN14: =SUM(P14:AA14) -> 24 | EO14: =SUM(AB14:AM14) -> 23 | EP14: =SUM(AN14:AY14) -> 10 | EQ14: =SUM(AZ14:BW14) -> 36 | ER14: =SUM(BX14:CU14) -> 67 | ES14: =SUM(CV14:DS14) -> 50 | ET14: =SUM(DT14:EG14) -> 0 | EU14: =SUM(BP14:CK14) -> 57 | EV14: =SUM(CD14:CU14) -> 59 | EX14: =SUM(C14:CO14) -> 220 | EY14: =SUM(F14:DK14) -> 256 | EZ14: jaz
A15: servicios especializados de ciberseguridad | EH15: =SUM(CP15:EG15) -> 0 | EK15: =SUM(DL15:EG15) -> 0 | ET15: =SUM(DT15:EG15) -> 0
A16: Gestiones de bajas de sitios: | C16: 0 | D16: 0 | E16: 0 | F16: 0 | G16: 0 | H16: 0 | I16: 0 | J16: 0 | K16: 0 | L16: 0 | M16: 0 | N16: 0 | O16: 0 | P16: 0 | Q16: 0 | R16: 0 | S16: 0 | T16: 0 | U16: 0 | V16: 0 | W16: 0 | X16: 0 | Y16: 0 | Z16: 0 | AA16: 0 | AB16: 0 | AC16: 0 | AD16: 0 | AE16: 0 | AF16: 0 | AG16: 0 | AH16: 0 | AI16: 0 | AJ16: 0 | AK16: 0 | AL16: 0 | AM16: 0 | AN16: 0 | AO16: 0 | AP16: 0 | AQ16: 0 | AR16: 0 | AS16: 0 | AT16: 0 | AU16: 0 | AV16: 0 | AW16: 0 | AX16: 0 | AY16: 0 | AZ16: 0 | BA16: 0 | BB16: 0 | BC16: 0 | BD16: 0 | BE16: 0 | BF16: 0 | BG16: 0 | BH16: 0 | BI16: 0 | BJ16: 0 | BK16: 0 | BL16: 0 | BM16: 0 | BN16: 0 | BO16: 0 | BP16: 0 | BQ16: 0 | BR16: 0 | BS16: 0 | BT16: 0 | BU16: 0 | BV16: 0 | BW16: 0 | BX16: 0 | BY16: 0 | BZ16: 0 | CA16: 0 | CB16: 0 | CC16: 0 | CD16: 0 | CE16: 0 | CF16: 0 | CG16: 0 | CH16: 0 | CI16: 0 | CJ16: 0 | CK16: 0 | CL16: 0 | CM16: 0 | CN16: 0 | CO16: 0 | CP16: 0 | CQ16: 0 | CR16: 0 | CS16: 0 | CT16: 0 | CU16: 0 | CV16: 0 | CW16: 0 | CX16: 0 | CY16: 0 | CZ16: 0 | DA16: 0 | DB16: 0 | DC16: 0 | DD16: 0 | DE16: 0 | DF16: 0 | DG16: 0 | DH16: 0 | DI16: 0 | DJ16: 0 | DK16: 0 | DL16: 0 | DM16: 0 | DN16: 0 | DO16: 0 | DP16: 0 | DQ16: 0 | DR16: 0 | DS16: 0 | DT16: 0 | DU16: 0 | DV16: 0 | DW16: 0 | DX16: 0 | DY16: 0 | DZ16: 22 | EA16: 0 | EB16: 0 | EC16: 0 | ED16: 0 | EE16: 0 | EF16: 0 | EG16: 0 | EH16: =SUM(CP16:EG16) -> 22 | EK16: =SUM(DL16:EG16) -> 22 | ET16: =SUM(DT16:EG16) -> 22
A17: Gestiones de suspensión de contenido | C17: 0 | D17: 0 | E17: 0 | F17: 0 | G17: 0 | H17: 0 | I17: 0 | J17: 0 | K17: 0 | L17: 0 | M17: 0 | N17: 0 | O17: 0 | P17: 0 | Q17: 0 | R17: 0 | S17: 0 | T17: 0 | U17: 0 | V17: 0 | W17: 0 | X17: 0 | Y17: 0 | Z17: 0 | AA17: 0 | AB17: 0 | AC17: 0 | AD17: 0 | AE17: 0 | AF17: 0 | AG17: 0 | AH17: 0 | AI17: 0 | AJ17: 0 | AK17: 0 | AL17: 0 | AM17: 0 | AN17: 0 | AO17: 0 | AP17: 0 | AQ17: 0 | AR17: 0 | AS17: 0 | AT17: 0 | AU17: 0 | AV17: 0 | AW17: 0 | AX17: 0 | AY17: 0 | AZ17: 0 | BA17: 0 | BB17: 0 | BC17: 0 | BD17: 0 | BE17: 0 | BF17: 0 | BG17: 0 | BH17: 0 | BI17: 0 | BJ17: 0 | BK17: 0 | BL17: 0 | BM17: 0 | BN17: 0 | BO17: 0 | BP17: 0 | BQ17: 0 | BR17: 0 | BS17: 0 | BT17: 0 | BU17: 0 | BV17: 0 | BW17: 0 | BX17: 0 | BY17: 0 | BZ17: 0 | CA17: 0 | CB17: 0 | CC17: 0 | CD17: 0 | CE17: 0 | CF17: 0 | CG17: 0 | CH17: 0 | CI17: 0 | CJ17: 0 | CK17: 0 | CL17: 0 | CM17: 0 | CN17: 0 | CO17: 0 | CP17: 0 | CQ17: 0 | CR17: 0 | CS17: 0 | CT17: 0 | CU17: 0 | CV17: 0 | CW17: 0 | CX17: 0 | CY17: 0 | CZ17: 0 | DA17: 0 | DB17: 0 | DC17: 0 | DD17: 0 | DE17: 0 | DF17: 0 | DG17: 0 | DH17: 0 | DI17: 0 | DJ17: 0 | DK17: 0 | DL17: 0 | DM17: 0 | DN17: 0 | DO17: 0 | DP17: 0 | DQ17: 0 | DR17: 0 | DS17: 0 | DT17: 0 | DU17: 0 | DV17: 0 | DW17: 0 | DX17: 0 | DY17: 0 | DZ17: 12 | EA17: 0 | EB17: 0 | EC17: 0 | ED17: 0 | EE17: 0 | EF17: 0 | EG17: 0 | EH17: =SUM(CP17:EG17) -> 12 | EK17: =SUM(DL17:EG17) -> 12 | ET17: =SUM(DT17:EG17) -> 12
A18: Análisis de vulnerabilidades | C18: 0 | D18: 0 | E18: 0 | F18: 0 | G18: 0 | H18: 0 | I18: 0 | J18: 0 | K18: 0 | L18: 0 | M18: 0 | N18: 0 | O18: 0 | P18: 0 | Q18: 0 | R18: 0 | S18: 0 | T18: 0 | U18: 0 | V18: 0 | W18: 0 | X18: 0 | Y18: 0 | Z18: 0 | AA18: 0 | AB18: 0 | AC18: 0 | AD18: 0 | AE18: 0 | AF18: 0 | AG18: 0 | AH18: 0 | AI18: 0 | AJ18: 0 | AK18: 0 | AL18: 0 | AM18: 0 | AN18: 0 | AO18: 0 | AP18: 0 | AQ18: 0 | AR18: 0 | AS18: 0 | AT18: 0 | AU18: 0 | AV18: 0 | AW18: 0 | AX18: 0 | AY18: 0 | AZ18: 0 | BA18: 0 | BB18: 0 | BC18: 0 | BD18: 0 | BE18: 0 | BF18: 0 | BG18: 0 | BH18: 0 | BI18: 0 | BJ18: 0 | BK18: 0 | BL18: 0 | BM18: 0 | BN18: 0 | BO18: 0 | BP18: 0 | BQ18: 0 | BR18: 0 | BS18: 0 | BT18: 0 | BU18: 0 | BV18: 0 | BW18: 0 | BX18: 0 | BY18: 0 | BZ18: 0 | CA18: 0 | CB18: 0 | CC18: 0 | CD18: 0 | CE18: 0 | CF18: 0 | CG18: 0 | CH18: 0 | CI18: 0 | CJ18: 0 | CK18: 0 | CL18: 0 | CM18: 0 | CN18: 0 | CO18: 0 | CP18: 0 | CQ18: 0 | CR18: 0 | CS18: 0 | CT18: 0 | CU18: 0 | CV18: 0 | CW18: 0 | CX18: 0 | CY18: 0 | CZ18: 0 | DA18: 0 | DB18: 0 | DC18: 0 | DD18: 0 | DE18: 0 | DF18: 0 | DG18: 0 | DH18: 0 | DI18: 0 | DJ18: 0 | DK18: 0 | DL18: 0 | DM18: 0 | DN18: 0 | DO18: 0 | DP18: 0 | DQ18: 0 | DR18: 0 | DS18: 0 | DT18: 0 | DU18: 0 | DV18: 0 | DW18: 0 | DX18: 0 | DY18: 0 | DZ18: 3 | EA18: 0 | EB18: 0 | EC18: 0 | ED18: 0 | EE18: 0 | EF18: 0 | EG18: 0 | EH18: =SUM(CP18:EG18) -> 3 | EK18: =SUM(DL18:EG18) -> 3 | ET18: =SUM(DT18:EG18) -> 3
A19: Colaboración Nacional | C19: 0 | D19: 0 | E19: 0 | F19: 0 | G19: 0 | H19: 0 | I19: 0 | J19: 0 | K19: 0 | L19: 0 | M19: 0 | N19: 0 | O19: 0 | P19: 0 | Q19: 0 | R19: 0 | S19: 0 | T19: 0 | U19: 0 | V19: 0 | W19: 0 | X19: 0 | Y19: 0 | Z19: 0 | AA19: 0 | AB19: 0 | AC19: 0 | AD19: 0 | AE19: 0 | AF19: 0 | AG19: 0 | AH19: 0 | AI19: 0 | AJ19: 0 | AK19: 0 | AL19: 0 | AM19: 0 | AN19: 0 | AO19: 0 | AP19: 0 | AQ19: 0 | AR19: 0 | AS19: 0 | AT19: 0 | AU19: 0 | AV19: 0 | AW19: 0 | AX19: 0 | AY19: 0 | AZ19: 0 | BA19: 0 | BB19: 0 | BC19: 0 | BD19: 0 | BE19: 0 | BF19: 0 | BG19: 0 | BH19: 0 | BI19: 0 | BJ19: 0 | BK19: 0 | BL19: 0 | BM19: 0 | BN19: 0 | BO19: 0 | BP19: 0 | BQ19: 0 | BR19: 0 | BS19: 0 | BT19: 0 | BU19: 0 | BV19: 0 | BW19: 0 | BX19: 0 | BY19: 0 | BZ19: 0 | CA19: 0 | CB19: 0 | CC19: 0 | CD19: 0 | CE19: 0 | CF19: 0 | CG19: 0 | CH19: 0 | CI19: 0 | CJ19: 0 | CK19: 0 | CL19: 0 | CM19: 0 | CN19: 0 | CO19: 0 | CP19: 0 | CQ19: 0 | CR19: 0 | CS19: 0 | CT19: 0 | CU19: 0 | CV19: 0 | CW19: 0 | CX19: 0 | CY19: 0 | CZ19: 0 | DA19: 0 | DB19: 0 | DC19: 0 | DD19: 0 | DE19: 0 | DF19: 0 | DG19: 0 | DH19: 0 | DI19: 0 | DJ19: 0 | DK19: 0 | DL19: 0 | DM19: 0 | DN19: 0 | DO19: 0 | DP19: 0 | DQ19: 0 | DR19: 0 | DS19: 0 | DT19: 0 | DU19: 0 | DV19: 0 | DW19: 0 | DX19: 0 | DY19: 0 | DZ19: 0 | EA19: 0 | EB19: 0 | EC19: 0 | ED19: 0 | EE19: 0 | EF19: 0 | EG19: 0 | EH19: =SUM(CP19:EG19) -> 0 | EK19: =SUM(DL19:EG19) -> 0 | ET19: =SUM(DT19:EG19) -> 0
A20: Asesorías técnico/legales | C20: 0 | D20: 0 | E20: 0 | F20: 0 | G20: 0 | H20: 0 | I20: 0 | J20: 0 | K20: 0 | L20: 0 | M20: 0 | N20: 0 | O20: 0 | P20: 0 | Q20: 0 | R20: 0 | S20: 0 | T20: 0 | U20: 0 | V20: 0 | W20: 0 | X20: 0 | Y20: 0 | Z20: 0 | AA20: 0 | AB20: 0 | AC20: 0 | AD20: 0 | AE20: 0 | AF20: 0 | AG20: 0 | AH20: 0 | AI20: 0 | AJ20: 0 | AK20: 0 | AL20: 0 | AM20: 0 | AN20: 0 | AO20: 0 | AP20: 0 | AQ20: 0 | AR20: 0 | AS20: 0 | AT20: 0 | AU20: 0 | AV20: 0 | AW20: 0 | AX20: 0 | AY20: 0 | AZ20: 0 | BA20: 0 | BB20: 0 | BC20: 0 | BD20: 0 | BE20: 0 | BF20: 0 | BG20: 0 | BH20: 0 | BI20: 0 | BJ20: 0 | BK20: 0 | BL20: 0 | BM20: 0 | BN20: 0 | BO20: 0 | BP20: 0 | BQ20: 0 | BR20: 0 | BS20: 0 | BT20: 0 | BU20: 0 | BV20: 0 | BW20: 0 | BX20: 0 | BY20: 0 | BZ20: 0 | CA20: 0 | CB20: 0 | CC20: 0 | CD20: 0 | CE20: 0 | CF20: 0 | CG20: 0 | CH20: 0 | CI20: 0 | CJ20: 0 | CK20: 0 | CL20: 0 | CM20: 0 | CN20: 0 | CO20: 0 | CP20: 0 | CQ20: 0 | CR20: 0 | CS20: 0 | CT20: 0 | CU20: 0 | CV20: 0 | CW20: 0 | CX20: 0 | CY20: 0 | CZ20: 0 | DA20: 0 | DB20: 0 | DC20: 0 | DD20: 0 | DE20: 0 | DF20: 0 | DG20: 0 | DH20: 0 | DI20: 0 | DJ20: 0 | DK20: 0 | DL20: 0 | DM20: 0 | DN20: 0 | DO20: 0 | DP20: 0 | DQ20: 0 | DR20: 0 | DS20: 0 | DT20: 0 | DU20: 0 | DV20: 0 | DW20: 0 | DX20: 0 | DY20: 0 | DZ20: 2 | EA20: 0 | EB20: 0 | EC20: 0 | ED20: 0 | EE20: 0 | EF20: 0 | EG20: 0 | EH20: =SUM(CP20:EG20) -> 2 | EK20: =SUM(DL20:EG20) -> 2 | ET20: =SUM(DT20:EG20) -> 2
A21: Análisis de forense digital | C21: 0 | D21: 0 | E21: 0 | F21: 0 | G21: 0 | H21: 0 | I21: 0 | J21: 0 | K21: 0 | L21: 0 | M21: 0 | N21: 0 | O21: 0 | P21: 0 | Q21: 0 | R21: 0 | S21: 0 | T21: 0 | U21: 0 | V21: 0 | W21: 0 | X21: 0 | Y21: 0 | Z21: 0 | AA21: 0 | AB21: 0 | AC21: 0 | AD21: 0 | AE21: 0 | AF21: 0 | AG21: 0 | AH21: 0 | AI21: 0 | AJ21: 0 | AK21: 0 | AL21: 0 | AM21: 0 | AN21: 0 | AO21: 0 | AP21: 0 | AQ21: 0 | AR21: 0 | AS21: 0 | AT21: 0 | AU21: 0 | AV21: 0 | AW21: 0 | AX21: 0 | AY21: 0 | AZ21: 0 | BA21: 0 | BB21: 0 | BC21: 0 | BD21: 0 | BE21: 0 | BF21: 0 | BG21: 0 | BH21: 0 | BI21: 0 | BJ21: 0 | BK21: 0 | BL21: 0 | BM21: 0 | BN21: 0 | BO21: 0 | BP21: 0 | BQ21: 0 | BR21: 0 | BS21: 0 | BT21: 0 | BU21: 0 | BV21: 0 | BW21: 0 | BX21: 0 | BY21: 0 | BZ21: 0 | CA21: 0 | CB21: 0 | CC21: 0 | CD21: 0 | CE21: 0 | CF21: 0 | CG21: 0 | CH21: 0 | CI21: 0 | CJ21: 0 | CK21: 0 | CL21: 0 | CM21: 0 | CN21: 0 | CO21: 0 | CP21: 0 | CQ21: 0 | CR21: 0 | CS21: 0 | CT21: 0 | CU21: 0 | CV21: 0 | CW21: 0 | CX21: 0 | CY21: 0 | CZ21: 0 | DA21: 0 | DB21: 0 | DC21: 0 | DD21: 0 | DE21: 0 | DF21: 0 | DG21: 0 | DH21: 0 | DI21: 0 | DJ21: 0 | DK21: 0 | DL21: 0 | DM21: 0 | DN21: 0 | DO21: 0 | DP21: 0 | DQ21: 0 | DR21: 0 | DS21: 0 | DT21: 0 | DU21: 0 | DV21: 0 | DW21: 0 | DX21: 0 | DY21: 0 | DZ21: 0 | EA21: 0 | EB21: 0 | EC21: 0 | ED21: 0 | EE21: 0 | EF21: 0 | EG21: 0 | EH21: =SUM(CP21:EG21) -> 0 | EK21: =SUM(DL21:EG21) -> 0 | ET21: =SUM(DT21:EG21) -> 0
A22: Informes de mitigación de vulnerabilidades o dictámenes técnicos en ciberseguridad | C22: 0 | D22: 0 | E22: 0 | F22: 0 | G22: 0 | H22: 0 | I22: 0 | J22: 0 | K22: 0 | L22: 0 | M22: 0 | N22: 0 | O22: 0 | P22: 0 | Q22: 0 | R22: 0 | S22: 0 | T22: 0 | U22: 0 | V22: 0 | W22: 0 | X22: 0 | Y22: 0 | Z22: 0 | AA22: 0 | AB22: 0 | AC22: 0 | AD22: 0 | AE22: 0 | AF22: 0 | AG22: 0 | AH22: 0 | AI22: 0 | AJ22: 0 | AK22: 0 | AL22: 0 | AM22: 0 | AN22: 0 | AO22: 0 | AP22: 0 | AQ22: 0 | AR22: 0 | AS22: 0 | AT22: 0 | AU22: 0 | AV22: 0 | AW22: 0 | AX22: 0 | AY22: 0 | AZ22: 0 | BA22: 0 | BB22: 0 | BC22: 0 | BD22: 0 | BE22: 0 | BF22: 0 | BG22: 0 | BH22: 0 | BI22: 0 | BJ22: 0 | BK22: 0 | BL22: 0 | BM22: 0 | BN22: 0 | BO22: 0 | BP22: 0 | BQ22: 0 | BR22: 0 | BS22: 0 | BT22: 0 | BU22: 0 | BV22: 0 | BW22: 0 | BX22: 0 | BY22: 0 | BZ22: 0 | CA22: 0 | CB22: 0 | CC22: 0 | CD22: 0 | CE22: 0 | CF22: 0 | CG22: 0 | CH22: 0 | CI22: 0 | CJ22: 0 | CK22: 0 | CL22: 0 | CM22: 0 | CN22: 0 | CO22: 0 | CP22: 0 | CQ22: 0 | CR22: 0 | CS22: 0 | CT22: 0 | CU22: 0 | CV22: 0 | CW22: 0 | CX22: 0 | CY22: 0 | CZ22: 0 | DA22: 0 | DB22: 0 | DC22: 0 | DD22: 0 | DE22: 0 | DF22: 0 | DG22: 0 | DH22: 0 | DI22: 0 | DJ22: 0 | DK22: 0 | DL22: 0 | DM22: 0 | DN22: 0 | DO22: 0 | DP22: 0 | DQ22: 0 | DR22: 0 | DS22: 0 | DT22: 0 | DU22: 0 | DV22: 0 | DW22: 0 | DX22: 0 | DY22: 2 | DZ22: 171 | EA22: 0 | EB22: 0 | EC22: 0 | ED22: 0 | EE22: 0 | EF22: 0 | EG22: 0 | EH22: =SUM(CP22:EG22) -> 173 | EK22: =SUM(DL22:EG22) -> 173 | ET22: =SUM(DT22:EG22) -> 173
A23: Investigaciones de ciberseguridad: | C23: 347 | D23: 216 | E23: 256 | F23: 200 | G23: 154 | H23: 152 | I23: 199 | J23: 130 | K23: 177 | L23: 306 | M23: 600 | N23: 203 | O23: 160 | P23: 153 | Q23: 119 | R23: 123 | S23: 44 | T23: 16 | U23: 80 | V23: 115 | W23: 123 | X23: 66 | Y23: 90 | Z23: 36 | AA23: 139 | AB23: 100 | AC23: 82 | AD23: 164 | AE23: 93 | AF23: 102 | AG23: 138 | AH23: 119 | AI23: 224 | AJ23: 154 | AK23: 141 | AL23: 99 | AM23: 94 | AN23: 121 | AO23: 158 | AP23: 108 | AQ23: 66 | AR23: 82 | AS23: 83 | AT23: 88 | AU23: 69 | AV23: 71 | AW23: 88 | AX23: 68 | AY23: 62 | AZ23: 35 | BA23: 45 | BB23: 36 | BC23: 37 | BD23: 28 | BE23: 38 | BF23: 40 | BG23: 31 | BH23: 30 | BI23: 40 | BJ23: 47 | BK23: 25 | BL23: 48 | BM23: 35 | BN23: 33 | BO23: 43 | BP23: 61 | BQ23: 35 | BR23: 26 | BS23: 20 | BT23: 33 | BU23: 43 | BV23: 29 | BW23: 23 | BX23: 50 | BY23: 31 | BZ23: 39 | CA23: 35 | CB23: 27 | CC23: 48 | CD23: 40 | CE23: 53 | CF23: 40 | CG23: 47 | CH23: 41 | CI23: 31 | CJ23: 33 | CK23: 57 | CL23: 25 | CM23: 68 | CN23: 50 | CO23: 48 | CP23: 35 | CQ23: 35 | CR23: 37 | CS23: 61 | CT23: 28 | CU23: 33 | CV23: 18 | CW23: 65 | CX23: 36 | CY23: 13 | CZ23: 59 | DA23: 23 | DB23: 39 | DC23: 44 | DD23: 37 | DE23: 37 | DF23: 56 | DG23: 38 | DH23: 56 | DI23: 25 | DJ23: 35 | DK23: 15 | DL23: =4+18 -> 22 | DM23: =3+37 -> 40 | DN23: =36+1 -> 37 | DO23: =32+1 -> 33 | DP23: 55 | DQ23: 17 | DR23: =2+25 -> 27 | DS23: =31+0 -> 31 | DT23: 1 | DU23: 2 | DV23: 0 | DW23: 1 | DX23: 0 | DY23: 0 | DZ23: 1 | EA23: 2 | EB23: 0 | EC23: 0 | ED23: 0 | EE23: 1 | EF23: 1 | EG23: 1 | EH23: =SUM(CP23:EG23) -> 1097 | EI23: =SUM(C23:DM23) -> 9289 | EJ23: =SUM(J23:DM23) -> 7765 | EK23: =SUM(DL23:EG23) -> 272 | EL23: =SUM(C23:C23) -> 347 | EM23: =SUM(D23:O23) -> 2753 | EN23: =SUM(P23:AA23) -> 1104 | EO23: =SUM(AB23:AM23) -> 1510 | EP23: =SUM(AN23:AY23) -> 1064 | EQ23: =SUM(AZ23:BW23) -> 861 | ER23: =SUM(BX23:CU23) -> 992 | ES23: =SUM(CV23:DS23) -> 858 | ET23: =SUM(DT23:EG23) -> 10 | EU23: =SUM(BP23:CK23) -> 842 | EV23: =SUM(CD23:CU23) -> 762 | EX23: =SUM(C23:CO23) -> 8402 | EY23: =SUM(F23:DK23) -> 8408 | EZ23: 816
A24: Ciberinvestigaciones | B24: Amenazas | C24: 18 | D24: 13 | E24: 10 | F24: 11 | G24: 6 | H24: 4 | I24: 7 | J24: 8 | K24: 8 | L24: 13 | M24: 13 | N24: 7 | O24: 7 | P24: 9 | Q24: 19 | R24: 7 | S24: 0 | T24: 0 | U24: 2 | V24: 3 | W24: 14 | X24: 0 | Y24: 5 | Z24: 0 | AA24: 5 | AB24: 1 | AC24: 1 | AD24: 4 | AE24: 3 | AF24: 9 | AG24: 7 | AH24: 2 | AI24: 6 | AJ24: 10 | AK24: 2 | AL24: 3 | AM24: 1 | AN24: 1 | AO24: 1 | AP24: 0 | AQ24: 0 | AR24: 0 | AS24: 1 | AT24: 0 | AU24: 0 | AV24: 1 | AW24: 1 | AX24: 0 | AY24: 2 | AZ24: 0 | BA24: 0 | BB24: 0 | BC24: 0 | BD24: 0 | BE24: 0 | BF24: 0 | BG24: 3 | BH24: 0 | BI24: 0 | BJ24: 1 | BK24: 0 | BL24: 0 | BM24: 0 | BN24: 0 | BO24: 0 | BP24: 2 | BQ24: 0 | BR24: 1 | BS24: 0 | BT24: 1 | BU24: 0 | BV24: 0 | BW24: 0 | BX24: 0 | BY24: 0 | BZ24: 0 | CA24: 0 | CB24: 0 | CC24: 1 | CD24: 0 | CE24: 0 | CF24: 0 | CG24: 0 | CH24: 0 | CI24: 0 | CJ24: 0 | CK24: 0 | CL24: 0 | CM24: 3 | CN24: 0 | CO24: 0 | CP24: 0 | CQ24: 0 | CR24: 0 | CS24: 0 | CT24: 0 | CU24: 1 | CV24: 0 | CW24: 1 | CX24: 0 | CY24: 0 | CZ24: 0 | DA24: 0 | DB24: 0 | DC24: 0 | DD24: 0 | DE24: 0 | DF24: 0 | DG24: 0 | DH24: 0 | DI24: 0 | DJ24: 0 | DK24: 0 | DL24: 0 | EH24: =SUM(CP24:EG24) -> 2 | EI24: =SUM(C24:DM24) -> 259 | EJ24: =SUM(J24:DM24) -> 190 | EK24: =SUM(DL24:EG24) -> 0 | EL24: =SUM(C24:C24) -> 18 | EM24: =SUM(D24:O24) -> 107 | EN24: =SUM(P24:AA24) -> 64 | EO24: =SUM(AB24:AM24) -> 49 | EP24: =SUM(AN24:AY24) -> 7 | EQ24: =SUM(AZ24:BW24) -> 8 | ER24: =SUM(BX24:CU24) -> 5 | ES24: =SUM(CV24:DS24) -> 1 | ET24: =SUM(DT24:EG24) -> 0 | EU24: =SUM(BP24:CK24) -> 5 | EV24: =SUM(CD24:CU24) -> 4 | EX24: =SUM(C24:CO24) -> 257 | EY24: =SUM(F24:DK24) -> 218
A25: Ciberinvestigaciones | B25: Desaparición Forzada | C25: 7 | D25: 2 | E25: 1 | F25: 6 | G25: 1 | H25: 4 | I25: 9 | J25: 2 | K25: 4 | L25: 13 | M25: 11 | N25: 4 | O25: 4 | P25: 6 | Q25: 8 | R25: 6 | S25: 3 | T25: 0 | U25: 3 | V25: 0 | W25: 7 | X25: 3 | Y25: 1 | Z25: 0 | AA25: 3 | AB25: 1 | AC25: 1 | AD25: 4 | AE25: 1 | AF25: 6 | AG25: 4 | AH25: 10 | AI25: 12 | AJ25: 2 | AK25: 1 | AL25: 6 | AM25: 5 | AN25: 2 | AO25: 23 | AP25: 12 | AQ25: 3 | AR25: 9 | AS25: 8 | AT25: 8 | AU25: 3 | AV25: 5 | AW25: 2 | AX25: 0 | AY25: 3 | AZ25: 1 | BA25: 1 | BB25: 0 | BC25: 0 | BD25: 0 | BE25: 2 | BF25: 0 | BG25: 0 | BH25: 0 | BI25: 2 | BJ25: 1 | BK25: 1 | BL25: 2 | BM25: 1 | BN25: 1 | BO25: 0 | BP25: 3 | BQ25: 0 | BR25: 0 | BS25: 3 | BT25: 1 | BU25: 4 | BV25: 3 | BW25: 1 | BX25: 11 | BY25: 2 | BZ25: 1 | CA25: 13 | CB25: 1 | CC25: 11 | CD25: 8 | CE25: 8 | CF25: 8 | CG25: 3 | CH25: 10 | CI25: 5 | CJ25: 1 | CK25: 7 | CL25: 0 | CM25: 16 | CN25: 17 | CO25: 4 | CP25: 5 | CQ25: 7 | CR25: 11 | CS25: 4 | CT25: 1 | CU25: 13 | CV25: 0 | CW25: 5 | CX25: 5 | CY25: 0 | CZ25: 27 | DA25: 7 | DB25: 10 | DC25: 13 | DD25: 11 | DE25: 13 | DF25: 17 | DG25: 18 | DH25: 10 | DI25: 0 | DJ25: 12 | DK25: 3 | DL25: 0 | EH25: =SUM(CP25:EG25) -> 192 | EI25: =SUM(C25:DM25) -> 584 | EJ25: =SUM(J25:DM25) -> 554 | EK25: =SUM(DL25:EG25) -> 0 | EL25: =SUM(C25:C25) -> 7 | EM25: =SUM(D25:O25) -> 61 | EN25: =SUM(P25:AA25) -> 40 | EO25: =SUM(AB25:AM25) -> 53 | EP25: =SUM(AN25:AY25) -> 78 | EQ25: =SUM(AZ25:BW25) -> 27 | ER25: =SUM(BX25:CU25) -> 167 | ES25: =SUM(CV25:DS25) -> 151 | ET25: =SUM(DT25:EG25) -> 0 | EU25: =SUM(BP25:CK25) -> 104 | EV25: =SUM(CD25:CU25) -> 128 | EX25: =SUM(C25:CO25) -> 392 | EY25: =SUM(F25:DK25) -> 574
A26: Ciberinvestigaciones | B26: Fraude | C26: 28 | D26: 11 | E26: 17 | F26: 21 | G26: 20 | H26: 8 | I26: 15 | J26: 8 | K26: 10 | L26: 6 | M26: 18 | N26: 14 | O26: 8 | P26: 4 | Q26: 9 | R26: 5 | S26: 3 | T26: 1 | U26: 1 | V26: 0 | W26: 1 | X26: 1 | Y26: 5 | Z26: 2 | AA26: 6 | AB26: 6 | AC26: 2 | AD26: 3 | AE26: 6 | AF26: 6 | AG26: 7 | AH26: 14 | AI26: 9 | AJ26: 9 | AK26: 7 | AL26: 0 | AM26: 5 | AN26: 4 | AO26: 13 | AP26: 9 | AQ26: 6 | AR26: 2 | AS26: 9 | AT26: 15 | AU26: 7 | AV26: 6 | AW26: 5 | AX26: 4 | AY26: 1 | AZ26: 2 | BA26: 0 | BB26: 5 | BC26: 3 | BD26: 3 | BE26: 6 | BF26: 5 | BG26: 0 | BH26: 0 | BI26: 0 | BJ26: 7 | BK26: 2 | BL26: 5 | BM26: 3 | BN26: 0 | BO26: 3 | BP26: 4 | BQ26: 1 | BR26: 1 | BS26: 2 | BT26: 0 | BU26: 1 | BV26: 0 | BW26: 0 | BX26: 5 | BY26: 3 | BZ26: 2 | CA26: 1 | CB26: 1 | CC26: 1 | CD26: 2 | CE26: 2 | CF26: 1 | CG26: 4 | CH26: 0 | CI26: 0 | CJ26: 2 | CK26: 2 | CL26: 1 | CM26: 4 | CN26: 1 | CO26: 3 | CP26: 2 | CQ26: 1 | CR26: 3 | CS26: 2 | CT26: 1 | CU26: 6 | CV26: 1 | CW26: 4 | CX26: 1 | CY26: 0 | CZ26: 1 | DA26: 0 | DB26: 0 | DC26: 1 | DD26: 0 | DE26: 0 | DF26: 0 | DG26: 1 | DH26: 0 | DI26: 0 | DJ26: 0 | DK26: 0 | DL26: 0 | EH26: =SUM(CP26:EG26) -> 24 | EI26: =SUM(C26:DM26) -> 489 | EJ26: =SUM(J26:DM26) -> 369 | EK26: =SUM(DL26:EG26) -> 0 | EL26: =SUM(C26:C26) -> 28 | EM26: =SUM(D26:O26) -> 156 | EN26: =SUM(P26:AA26) -> 38 | EO26: =SUM(AB26:AM26) -> 74 | EP26: =SUM(AN26:AY26) -> 81 | EQ26: =SUM(AZ26:BW26) -> 53 | ER26: =SUM(BX26:CU26) -> 50 | ES26: =SUM(CV26:DS26) -> 9 | ET26: =SUM(DT26:EG26) -> 0 | EU26: =SUM(BP26:CK26) -> 35 | EV26: =SUM(CD26:CU26) -> 37 | EX26: =SUM(C26:CO26) -> 465 | EY26: =SUM(F26:DK26) -> 433
A27: Ciberinvestigaciones | B27: Personas Desaparecidas | C27: 25 | D27: 25 | E27: 24 | F27: 15 | G27: 18 | H27: 24 | I27: 31 | J27: 12 | K27: 24 | L27: 43 | M27: 59 | N27: 13 | O27: 7 | P27: 14 | Q27: 9 | R27: 7 | S27: 3 | T27: 0 | U27: 5 | V27: 1 | W27: 10 | X27: 4 | Y27: 15 | Z27: 3 | AA27: 2 | AB27: 10 | AC27: 7 | AD27: 9 | AE27: 18 | AF27: 10 | AG27: 8 | AH27: 20 | AI27: 7 | AJ27: 7 | AK27: 3 | AL27: 2 | AM27: 2 | AN27: 9 | AO27: 12 | AP27: 5 | AQ27: 8 | AR27: 15 | AS27: 8 | AT27: 5 | AU27: 12 | AV27: 3 | AW27: 9 | AX27: 4 | AY27: 6 | AZ27: 1 | BA27: 7 | BB27: 2 | BC27: 3 | BD27: 0 | BE27: 0 | BF27: 8 | BG27: 3 | BH27: 1 | BI27: 1 | BJ27: 0 | BK27: 2 | BL27: 5 | BM27: 0 | BN27: 1 | BO27: 2 | BP27: 1 | BQ27: 5 | BR27: 4 | BS27: 1 | BT27: 0 | BU27: 1 | BV27: 2 | BW27: 3 | BX27: 4 | BY27: 4 | BZ27: 1 | CA27: 0 | CB27: 0 | CC27: 2 | CD27: 2 | CE27: 1 | CF27: 0 | CG27: 2 | CH27: 0 | CI27: 0 | CJ27: 1 | CK27: 0 | CL27: 0 | CM27: 6 | CN27: 2 | CO27: 6 | CP27: 0 | CQ27: 1 | CR27: 1 | CS27: 2 | CT27: 2 | CU27: 0 | CV27: 0 | CW27: 5 | CX27: 0 | CY27: 0 | CZ27: 2 | DA27: 0 | DB27: 2 | DC27: 1 | DD27: 1 | DE27: 1 | DF27: 4 | DG27: 2 | DH27: 1 | DI27: 0 | DJ27: 3 | DK27: 0 | DL27: 0 | EH27: =SUM(CP27:EG27) -> 28 | EI27: =SUM(C27:DM27) -> 704 | EJ27: =SUM(J27:DM27) -> 542 | EK27: =SUM(DL27:EG27) -> 0 | EL27: =SUM(C27:C27) -> 25 | EM27: =SUM(D27:O27) -> 295 | EN27: =SUM(P27:AA27) -> 73 | EO27: =SUM(AB27:AM27) -> 103 | EP27: =SUM(AN27:AY27) -> 96 | EQ27: =SUM(AZ27:BW27) -> 53 | ER27: =SUM(BX27:CU27) -> 37 | ES27: =SUM(CV27:DS27) -> 22 | ET27: =SUM(DT27:EG27) -> 0 | EU27: =SUM(BP27:CK27) -> 34 | EV27: =SUM(CD27:CU27) -> 26 | EX27: =SUM(C27:CO27) -> 676 | EY27: =SUM(F27:DK27) -> 630
A28: Ciberinvestigaciones | B28: Pornografía Infantil | C28: 23 | D28: 57 | E28: 41 | F28: 30 | G28: 11 | H28: 25 | I28: 19 | J28: 18 | K28: 6 | L28: 50 | M28: 306 | N28: 24 | O28: 40 | P28: 17 | Q28: 1 | R28: 28 | S28: 13 | T28: 4 | U28: 23 | V28: 49 | W28: 8 | X28: 16 | Y28: 10 | Z28: 12 | AA28: 59 | AB28: 44 | AC28: 23 | AD28: 84 | AE28: 17 | AF28: 18 | AG28: 37 | AH28: 14 | AI28: 90 | AJ28: 74 | AK28: 74 | AL28: 25 | AM28: 23 | AN28: 13 | AO28: 32 | AP28: 41 | AQ28: 11 | AR28: 14 | AS28: 12 | AT28: 20 | AU28: 11 | AV28: 17 | AW28: 9 | AX28: 14 | AY28: 14 | AZ28: 8 | BA28: 6 | BB28: 9 | BC28: 8 | BD28: 7 | BE28: 8 | BF28: 9 | BG28: 11 | BH28: 11 | BI28: 6 | BJ28: 11 | BK28: 8 | BL28: 10 | BM28: 12 | BN28: 4 | BO28: 15 | BP28: 10 | BQ28: 11 | BR28: 5 | BS28: 3 | BT28: 8 | BU28: 12 | BV28: 10 | BW28: 3 | BX28: 4 | BY28: 7 | BZ28: 9 | CA28: 4 | CB28: 5 | CC28: 11 | CD28: 7 | CE28: 5 | CF28: 7 | CG28: 10 | CH28: 8 | CI28: 11 | CJ28: 6 | CK28: 8 | CL28: 5 | CM28: 8 | CN28: 11 | CO28: 9 | CP28: 11 | CQ28: 10 | CR28: 4 | CS28: 25 | CT28: 8 | CU28: 2 | CV28: 2 | CW28: 11 | CX28: 9 | CY28: 3 | CZ28: 12 | DA28: 4 | DB28: 9 | DC28: 5 | DD28: 2 | DE28: 11 | DF28: 5 | DG28: 3 | DH28: 16 | DI28: 10 | DJ28: 0 | DK28: 2 | DL28: 18 | EH28: =SUM(CP28:EG28) -> 182 | EI28: =SUM(C28:DM28) -> 2143 | EJ28: =SUM(J28:DM28) -> 1937 | EK28: =SUM(DL28:EG28) -> 18 | EL28: =SUM(C28:C28) -> 23 | EM28: =SUM(D28:O28) -> 627 | EN28: =SUM(P28:AA28) -> 240 | EO28: =SUM(AB28:AM28) -> 523 | EP28: =SUM(AN28:AY28) -> 208 | EQ28: =SUM(AZ28:BW28) -> 205 | ER28: =SUM(BX28:CU28) -> 195 | ES28: =SUM(CV28:DS28) -> 122 | ET28: =SUM(DT28:EG28) -> 0 | EU28: =SUM(BP28:CK28) -> 164 | EV28: =SUM(CD28:CU28) -> 155 | EX28: =SUM(C28:CO28) -> 1961 | EY28: =SUM(F28:DK28) -> 2004
A29: Ciberinvestigaciones | B29: Secuestro | C29: 73 | D29: 0 | E29: 37 | F29: 33 | G29: 30 | H29: 31 | I29: 27 | J29: 14 | K29: 50 | L29: 78 | M29: 31 | N29: 49 | O29: 30 | P29: 31 | Q29: 12 | R29: 7 | S29: 2 | T29: 0 | U29: 11 | V29: 0 | W29: 18 | X29: 3 | Y29: 7 | Z29: 2 | AA29: 8 | AB29: 6 | AC29: 0 | AD29: 4 | AE29: 1 | AF29: 4 | AG29: 5 | AH29: 14 | AI29: 7 | AJ29: 8 | AK29: 3 | AL29: 1 | AM29: 2 | AN29: 8 | AO29: 7 | AP29: 5 | AQ29: 3 | AR29: 2 | AS29: 2 | AT29: 2 | AU29: 0 | AV29: 4 | AW29: 1 | AX29: 1 | AY29: 0 | AZ29: 2 | BA29: 2 | BB29: 2 | BC29: 2 | BD29: 1 | BE29: 0 | BF29: 0 | BG29: 1 | BH29: 1 | BI29: 2 | BJ29: 0 | BK29: 0 | BL29: 1 | BM29: 2 | BN29: 3 | BO29: 2 | BP29: 3 | BQ29: 5 | BR29: 2 | BS29: 1 | BT29: 0 | BU29: 4 | BV29: 0 | BW29: 0 | BX29: 1 | BY29: 0 | BZ29: 0 | CA29: 1 | CB29: 0 | CC29: 0 | CD29: 2 | CE29: 2 | CF29: 0 | CG29: 0 | CH29: 4 | CI29: 0 | CJ29: 3 | CK29: 2 | CL29: 0 | CM29: 0 | CN29: 1 | CO29: 3 | CP29: 1 | CQ29: 0 | CR29: 0 | CS29: 0 | CT29: 3 | CU29: 0 | CV29: 0 | CW29: 1 | CX29: 1 | CY29: 0 | CZ29: 0 | DA29: 0 | DB29: 0 | DC29: 0 | DD29: 0 | DE29: 1 | DF29: 0 | DG29: 2 | DH29: 2 | DI29: 0 | DJ29: 0 | DK29: 0 | DL29: 0 | EH29: =SUM(CP29:EG29) -> 11 | EI29: =SUM(C29:DM29) -> 740 | EJ29: =SUM(J29:DM29) -> 509 | EK29: =SUM(DL29:EG29) -> 0 | EL29: =SUM(C29:C29) -> 73 | EM29: =SUM(D29:O29) -> 410 | EN29: =SUM(P29:AA29) -> 101 | EO29: =SUM(AB29:AM29) -> 55 | EP29: =SUM(AN29:AY29) -> 35 | EQ29: =SUM(AZ29:BW29) -> 36 | ER29: =SUM(BX29:CU29) -> 23 | ES29: =SUM(CV29:DS29) -> 7 | ET29: =SUM(DT29:EG29) -> 0 | EU29: =SUM(BP29:CK29) -> 30 | EV29: =SUM(CD29:CU29) -> 21 | EX29: =SUM(C29:CO29) -> 729 | EY29: =SUM(F29:DK29) -> 630
A30: Ciberinvestigaciones | B30: Trata de Personas | C30: 37 | D30: 20 | E30: 20 | F30: 14 | G30: 5 | H30: 12 | I30: 20 | J30: 19 | K30: 14 | L30: 12 | M30: 66 | N30: 25 | O30: 20 | P30: 22 | Q30: 14 | R30: 12 | S30: 0 | T30: 7 | U30: 14 | V30: 39 | W30: 9 | X30: 12 | Y30: 12 | Z30: 5 | AA30: 18 | AB30: 6 | AC30: 32 | AD30: 10 | AE30: 7 | AF30: 18 | AG30: 11 | AH30: 5 | AI30: 31 | AJ30: 6 | AK30: 17 | AL30: 9 | AM30: 4 | AN30: 0 | AO30: 20 | AP30: 3 | AQ30: 4 | AR30: 3 | AS30: 8 | AT30: 1 | AU30: 8 | AV30: 2 | AW30: 3 | AX30: 2 | AY30: 6 | AZ30: 1 | BA30: 4 | BB30: 2 | BC30: 6 | BD30: 3 | BE30: 1 | BF30: 0 | BG30: 2 | BH30: 1 | BI30: 5 | BJ30: 6 | BK30: 1 | BL30: 1 | BM30: 0 | BN30: 0 | BO30: 0 | BP30: 1 | BQ30: 1 | BR30: 0 | BS30: 1 | BT30: 0 | BU30: 0 | BV30: 0 | BW30: 0 | BX30: 0 | BY30: 0 | BZ30: 0 | CA30: 0 | CB30: 0 | CC30: 0 | CD30: 0 | CE30: 2 | CF30: 0 | CG30: 1 | CH30: 0 | CI30: 0 | CJ30: 0 | CK30: 0 | CL30: 0 | CM30: 0 | CN30: 0 | CO30: 0 | CP30: 0 | CQ30: 0 | CR30: 0 | CS30: 0 | CT30: 1 | CU30: 0 | CV30: 2 | CW30: 1 | CX30: 0 | CY30: 0 | CZ30: 1 | DA30: 1 | DB30: 0 | DC30: 0 | DD30: 1 | DE30: 1 | DF30: 0 | DG30: 0 | DH30: 0 | DI30: 0 | DJ30: 0 | DK30: 0 | DL30: 0 | EH30: =SUM(CP30:EG30) -> 8 | EI30: =SUM(C30:DM30) -> 711 | EJ30: =SUM(J30:DM30) -> 583 | EK30: =SUM(DL30:EG30) -> 0 | EL30: =SUM(C30:C30) -> 37 | EM30: =SUM(D30:O30) -> 247 | EN30: =SUM(P30:AA30) -> 164 | EO30: =SUM(AB30:AM30) -> 156 | EP30: =SUM(AN30:AY30) -> 60 | EQ30: =SUM(AZ30:BW30) -> 36 | ER30: =SUM(BX30:CU30) -> 4 | ES30: =SUM(CV30:DS30) -> 7 | ET30: =SUM(DT30:EG30) -> 0 | EU30: =SUM(BP30:CK30) -> 6 | EV30: =SUM(CD30:CU30) -> 4 | EX30: =SUM(C30:CO30) -> 703 | EY30: =SUM(F30:DK30) -> 634
A31: Ciberinvestigaciones | B31: Menor desaparecido | C31: 0 | D31: 0 | E31: 0 | F31: 0 | G31: 0 | H31: 0 | I31: 0 | J31: 0 | K31: 0 | L31: 0 | M31: 0 | N31: 0 | O31: 0 | P31: 0 | Q31: 0 | R31: 0 | S31: 0 | T31: 0 | U31: 0 | V31: 1 | W31: 1 | X31: 0 | Y31: 0 | Z31: 0 | AA31: 2 | AB31: 2 | AC31: 0 | AD31: 0 | AE31: 0 | AF31: 0 | AG31: 5 | AH31: 0 | AI31: 1 | AJ31: 0 | AK31: 2 | AL31: 1 | AM31: 0 | AN31: 0 | AO31: 2 | AP31: 0 | AQ31: 0 | AR31: 5 | AS31: 0 | AT31: 1 | AU31: 0 | AV31: 3 | AW31: 6 | AX31: 5 | AY31: 2 | AZ31: 2 | BA31: 1 | BB31: 1 | BC31: 2 | BD31: 2 | BE31: 3 | BF31: 2 | BG31: 0 | BH31: 0 | BI31: 1 | BJ31: 0 | BK31: 1 | BL31: 0 | BM31: 1 | BN31: 1 | BO31: 3 | BP31: 0 | BQ31: 0 | BR31: 1 | BS31: 0 | BT31: 1 | BU31: 0 | BV31: 0 | BW31: 0 | BX31: 0 | BY31: 0 | BZ31: 1 | CA31: 0 | CB31: 0 | CC31: 0 | CD31: 0 | CE31: 0 | CF31: 0 | CG31: 0 | CH31: 0 | CI31: 0 | CJ31: 0 | CK31: 0 | CL31: 0 | CM31: 0 | CN31: 0 | CO31: 0 | CP31: 0 | CQ31: 0 | CR31: 0 | CS31: 0 | CT31: 0 | CU31: 1 | CV31: 0 | CW31: 0 | CX31: 0 | CY31: 0 | CZ31: 0 | DA31: 0 | DB31: 0 | DC31: 0 | DD31: 0 | DE31: 0 | DF31: 0 | DG31: 0 | DH31: 0 | DI31: 0 | DJ31: 0 | DK31: 0 | DL31: 0 | EH31: =SUM(CP31:EG31) -> 1 | EI31: =SUM(C31:DM31) -> 63 | EJ31: =SUM(J31:DM31) -> 63 | EK31: =SUM(DL31:EG31) -> 0 | EL31: =SUM(C31:C31) -> 0 | EM31: =SUM(D31:O31) -> 0 | EN31: =SUM(P31:AA31) -> 4 | EO31: =SUM(AB31:AM31) -> 11 | EP31: =SUM(AN31:AY31) -> 24 | EQ31: =SUM(AZ31:BW31) -> 22 | ER31: =SUM(BX31:CU31) -> 2 | ES31: =SUM(CV31:DS31) -> 0 | ET31: =SUM(DT31:EG31) -> 0 | EU31: =SUM(BP31:CK31) -> 3 | EV31: =SUM(CD31:CU31) -> 1 | EX31: =SUM(C31:CO31) -> 62 | EY31: =SUM(F31:DK31) -> 63
A32: Ciberinvestigaciones | B32: Trafico de personas (migrantes) | C32: 0 | D32: 0 | E32: 0 | F32: 0 | G32: 0 | H32: 0 | I32: 0 | J32: 0 | K32: 0 | L32: 0 | M32: 0 | N32: 0 | O32: 0 | P32: 0 | Q32: 0 | R32: 0 | S32: 0 | T32: 0 | U32: 0 | V32: 0 | W32: 0 | X32: 0 | Y32: 0 | Z32: 0 | AA32: 0 | AB32: 0 | AC32: 0 | AD32: 0 | AE32: 0 | AF32: 0 | AG32: 0 | AH32: 0 | AI32: 0 | AJ32: 0 | AK32: 0 | AL32: 0 | AM32: 0 | AN32: 0 | AO32: 0 | AP32: 0 | AQ32: 0 | AR32: 0 | AS32: 1 | AT32: 0 | AU32: 0 | AV32: 0 | AW32: 4 | AX32: 8 | AY32: 0 | AZ32: 7 | BA32: 8 | BB32: 5 | BC32: 2 | BD32: 6 | BE32: 4 | BF32: 3 | BG32: 0 | BH32: 0 | BI32: 6 | BJ32: 3 | BK32: 1 | BL32: 3 | BM32: 9 | BN32: 9 | BO32: 2 | BP32: 19 | BQ32: 1 | BR32: 3 | BS32: 0 | BT32: 9 | BU32: 8 | BV32: 9 | BW32: 4 | BX32: 11 | BY32: 7 | BZ32: 10 | CA32: 5 | CB32: 9 | CC32: 5 | CD32: 8 | CE32: 14 | CF32: 11 | CG32: 16 | CH32: 9 | CI32: 6 | CJ32: 11 | CK32: 10 | CL32: 15 | CM32: 4 | CN32: 7 | CO32: 6 | CP32: 6 | CQ32: 5 | CR32: 9 | CS32: 12 | CT32: 5 | CU32: 7 | CV32: 8 | CW32: 16 | CX32: 8 | CY32: 9 | CZ32: 3 | DA32: 6 | DB32: 8 | DC32: 16 | DD32: 9 | DE32: 3 | DF32: 6 | DG32: 4 | DH32: 17 | DI32: 10 | DJ32: 0 | DK32: 0 | DL32: 0 | EH32: =SUM(CP32:EG32) -> 167 | EI32: =SUM(C32:DM32) -> 465 | EJ32: =SUM(J32:DM32) -> 465 | EK32: =SUM(DL32:EG32) -> 0 | EL32: =SUM(C32:C32) -> 0 | EM32: =SUM(D32:O32) -> 0 | EN32: =SUM(P32:AA32) -> 0 | EO32: =SUM(AB32:AM32) -> 0 | EP32: =SUM(AN32:AY32) -> 13 | EQ32: =SUM(AZ32:BW32) -> 121 | ER32: =SUM(BX32:CU32) -> 208 | ES32: =SUM(CV32:DS32) -> 123 | ET32: =SUM(DT32:EG32) -> 0 | EU32: =SUM(BP32:CK32) -> 185 | EV32: =SUM(CD32:CU32) -> 161 | EX32: =SUM(C32:CO32) -> 298 | EY32: =SUM(F32:DK32) -> 465
A33: Ciberinvestigaciones | B33: Delincuencia Organizada | C33: 13 | D33: 3 | E33: 16 | F33: 8 | G33: 5 | H33: 8 | I33: 5 | J33: 0 | K33: 6 | L33: 8 | M33: 2 | N33: 6 | O33: 6 | P33: 5 | Q33: 5 | R33: 4 | S33: 0 | T33: 0 | U33: 2 | V33: 0 | W33: 5 | X33: 1 | Y33: 1 | Z33: 0 | AA33: 1 | AB33: 1 | AC33: 0 | AD33: 5 | AE33: 3 | AF33: 4 | AG33: 2 | AH33: 10 | AI33: 3 | AJ33: 8 | AK33: 4 | AL33: 5 | AM33: 4 | AN33: 3 | AO33: 2 | AP33: 2 | AQ33: 1 | AR33: 0 | AS33: 2 | AT33: 3 | AU33: 0 | AV33: 3 | AW33: 2 | AX33: 0 | AY33: 1 | AZ33: 0 | BA33: 0 | BB33: 0 | BC33: 0 | BD33: 0 | BE33: 0 | BF33: 0 | BG33: 0 | BH33: 0 | BI33: 0 | BJ33: 0 | BK33: 0 | BL33: 1 | BM33: 0 | BN33: 0 | BO33: 0 | BP33: 0 | BQ33: 0 | BR33: 0 | BS33: 0 | BT33: 0 | BU33: 0 | BV33: 0 | BW33: 1 | BX33: 1 | BY33: 0 | BZ33: 1 | CA33: 1 | CB33: 1 | CC33: 2 | CD33: 1 | CE33: 0 | CG33: 1 | CH33: 1 | CI33: 1 | CJ33: 1 | CK33: 1 | CL33: 0 | CM33: 2 | CN33: 1 | CO33: 0 | CP33: 0 | CQ33: 0 | CR33: 0 | CS33: 1 | CT33: 0 | CU33: 0 | CV33: 1 | CW33: 6 | CX33: 2 | CY33: 0 | CZ33: 1 | DA33: 0 | DB33: 0 | DC33: 0 | DD33: 3 | DE33: 0 | DF33: 1 | DG33: 0 | DH33: 1 | DI33: 0 | DJ33: 0 | DK33: 0 | DL33: 0 | EH33: =SUM(CP33:EG33) -> 16 | EI33: =SUM(C33:DM33) -> 211 | EJ33: =SUM(J33:DM33) -> 153 | EK33: =SUM(DL33:EG33) -> 0 | EL33: =SUM(C33:C33) -> 13 | EM33: =SUM(D33:O33) -> 73 | EN33: =SUM(P33:AA33) -> 24 | EO33: =SUM(AB33:AM33) -> 49 | EP33: =SUM(AN33:AY33) -> 19 | EQ33: =SUM(AZ33:BW33) -> 2 | ER33: =SUM(BX33:CU33) -> 16 | ES33: =SUM(CV33:DS33) -> 15 | ET33: =SUM(DT33:EG33) -> 0 | EU33: =SUM(BP33:CK33) -> 13 | EV33: =SUM(CD33:CU33) -> 10 | EX33: =SUM(C33:CO33) -> 195 | EY33: =SUM(F33:DK33) -> 179
A34: Ciberinvestigaciones | B34: Extorsión | C34: 17 | D34: 2 | E34: 20 | F34: 6 | G34: 6 | H34: 2 | I34: 4 | J34: 1 | K34: 6 | L34: 11 | M34: 8 | N34: 6 | O34: 2 | P34: 4 | Q34: 4 | R34: 0 | S34: 2 | T34: 0 | U34: 1 | V34: 1 | W34: 3 | X34: 0 | Y34: 5 | Z34: 0 | AA34: 0 | AB34: 0 | AC34: 0 | AD34: 0 | AE34: 0 | AF34: 0 | AG34: 1 | AH34: 2 | AI34: 4 | AJ34: 5 | AK34: 0 | AL34: 1 | AM34: 1 | AN34: 3 | AO34: 2 | AP34: 1 | AQ34: 1 | AR34: 1 | AS34: 0 | AT34: 1 | AU34: 3 | AV34: 3 | AW34: 4 | AX34: 5 | AY34: 3 | AZ34: 0 | BA34: 1 | BB34: 0 | BC34: 1 | BD34: 0 | BE34: 0 | BF34: 1 | BG34: 1 | BH34: 0 | BI34: 1 | BJ34: 0 | BK34: 0 | BL34: 0 | BM34: 0 | BN34: 1 | BO34: 0 | BP34: 0 | BQ34: 1 | BR34: 1 | BS34: 0 | BT34: 0 | BU34: 0 | BV34: 1 | BW34: 1 | BX34: 0 | BY34: 0 | BZ34: 0 | CA34: 0 | CB34: 0 | CC34: 1 | CD34: 0 | CE34: 1 | CF34: 0 | CG34: 0 | CH34: 0 | CI34: 0 | CJ34: 1 | CK34: 1 | CL34: 0 | CM34: 3 | CN34: 2 | CO34: 1 | CP34: 1 | CQ34: 1 | CR34: 0 | CS34: 0 | CT34: 0 | CU34: 1 | CV34: 0 | CW34: 0 | CX34: 1 | CY34: 0 | CZ34: 0 | DA34: 1 | DB34: 0 | DC34: 0 | DD34: 1 | DE34: 0 | DF34: 1 | DG34: 0 | DH34: 0 | DI34: 0 | DJ34: 0 | DK34: 0 | DL34: 0 | EH34: =SUM(CP34:EG34) -> 7 | EI34: =SUM(C34:DM34) -> 179 | EJ34: =SUM(J34:DM34) -> 122 | EK34: =SUM(DL34:EG34) -> 0 | EL34: =SUM(C34:C34) -> 17 | EM34: =SUM(D34:O34) -> 74 | EN34: =SUM(P34:AA34) -> 20 | EO34: =SUM(AB34:AM34) -> 14 | EP34: =SUM(AN34:AY34) -> 27 | EQ34: =SUM(AZ34:BW34) -> 10 | ER34: =SUM(BX34:CU34) -> 13 | ES34: =SUM(CV34:DS34) -> 4 | ET34: =SUM(DT34:EG34) -> 0 | EU34: =SUM(BP34:CK34) -> 8 | EV34: =SUM(CD34:CU34) -> 12 | EX34: =SUM(C34:CO34) -> 172 | EY34: =SUM(F34:DK34) -> 140
A35: Ciberinvestigaciones | B35: Delitos contra la Libertad de Expresión | C35: 10 | D35: 5 | E35: 9 | F35: 2 | G35: 4 | H35: 11 | I35: 5 | J35: 2 | K35: 5 | L35: 14 | M35: 7 | N35: 7 | O35: 8 | P35: 15 | Q35: 2 | R35: 2 | S35: 1 | T35: 0 | U35: 0 | V35: 6 | W35: 5 | X35: 3 | Y35: 6 | Z35: 2 | AA35: 0 | AB35: 3 | AC35: 0 | AD35: 3 | AE35: 3 | AF35: 3 | AG35: 0 | AH35: 0 | AI35: 1 | AJ35: 0 | AK35: 0 | AL35: 1 | AM35: 0 | AN35: 0 | AO35: 0 | AP35: 0 | AQ35: 0 | AR35: 0 | AS35: 0 | AT35: 0 | AU35: 0 | AV35: 0 | AW35: 0 | AX35: 0 | AY35: 0 | AZ35: 0 | BA35: 0 | BB35: 0 | BC35: 0 | BD35: 0 | BE35: 0 | BF35: 0 | BG35: 0 | BH35: 0 | BI35: 0 | BJ35: 0 | BK35: 0 | BL35: 0 | BM35: 0 | BN35: 0 | BO35: 0 | BP35: 0 | BQ35: 0 | BR35: 0 | BS35: 0 | BT35: 0 | BU35: 0 | BV35: 0 | BW35: 0 | BX35: 0 | BY35: 0 | BZ35: 0 | CA35: 0 | CB35: 0 | CC35: 0 | CD35: 0 | CE35: 0 | CF35: 0 | CG35: 0 | CH35: 0 | CI35: 0 | CJ35: 0 | CK35: 0 | CL35: 0 | CM35: 1 | CN35: 0 | CO35: 0 | CP35: 1 | CQ35: 0 | CR35: 0 | CS35: 0 | CT35: 0 | CU35: 0 | CV35: 0 | CW35: 0 | CX35: 0 | CY35: 0 | CZ35: 0 | DA35: 0 | DB35: 0 | DC35: 0 | DD35: 0 | DE35: 0 | DF35: 1 | DG35: 0 | DH35: 1 | DI35: 0 | DJ35: 0 | DK35: 0 | DL35: 0 | EH35: =SUM(CP35:EG35) -> 3 | EI35: =SUM(C35:DM35) -> 149 | EJ35: =SUM(J35:DM35) -> 103 | EK35: =SUM(DL35:EG35) -> 0 | EL35: =SUM(C35:C35) -> 10 | EM35: =SUM(D35:O35) -> 79 | EN35: =SUM(P35:AA35) -> 42 | EO35: =SUM(AB35:AM35) -> 14 | EP35: =SUM(AN35:AY35) -> 0 | EQ35: =SUM(AZ35:BW35) -> 0 | ER35: =SUM(BX35:CU35) -> 2 | ES35: =SUM(CV35:DS35) -> 2 | ET35: =SUM(DT35:EG35) -> 0 | EU35: =SUM(BP35:CK35) -> 0 | EV35: =SUM(CD35:CU35) -> 2 | EX35: =SUM(C35:CO35) -> 146 | EY35: =SUM(F35:DK35) -> 125
A36: Ciberinvestigaciones | B36: Homicidios | C36: 12 | D36: 12 | E36: 13 | F36: 5 | G36: 8 | H36: 0 | I36: 7 | J36: 5 | K36: 2 | L36: 4 | M36: 1 | N36: 3 | O36: 2 | P36: 1 | Q36: 1 | R36: 1 | S36: 1 | T36: 0 | U36: 0 | V36: 0 | W36: 1 | X36: 0 | Y36: 0 | Z36: 0 | AA36: 0 | AB36: 0 | AC36: 0 | AD36: 0 | AE36: 0 | AF36: 0 | AG36: 2 | AH36: 0 | AI36: 4 | AJ36: 4 | AK36: 5 | AL36: 1 | AM36: 1 | AN36: 4 | AO36: 2 | AP36: 0 | AQ36: 2 | AR36: 3 | AS36: 0 | AT36: 2 | AU36: 2 | AV36: 3 | AW36: 1 | AX36: 1 | AY36: 4 | AZ36: 0 | BA36: 1 | BB36: 0 | BC36: 0 | BD36: 0 | BE36: 0 | BF36: 0 | BG36: 0 | BH36: 3 | BI36: 0 | BJ36: 3 | BK36: 1 | BL36: 2 | BM36: 0 | BN36: 0 | BO36: 1 | BP36: 1 | BQ36: 0 | BR36: 0 | BS36: 2 | BT36: 0 | BU36: 1 | BV36: 0 | BW36: 0 | BX36: 1 | BY36: 0 | BZ36: 1 | CA36: 0 | CB36: 1 | CC36: 0 | CD36: 0 | CE36: 1 | CF36: 0 | CG36: 1 | CH36: 0 | CI36: 0 | CJ36: 0 | CK36: 4 | CL36: 0 | CM36: 0 | CN36: 0 | CO36: 1 | CP36: 0 | CQ36: 1 | CR36: 0 | CS36: 0 | CT36: 0 | CU36: 0 | CV36: 0 | CW36: 0 | CX36: 0 | CY36: 0 | CZ36: 1 | DA36: 1 | DB36: 1 | DC36: 0 | DD36: 0 | DE36: 1 | DF36: 0 | DG36: 1 | DH36: 1 | DI36: 0 | DJ36: 0 | DK36: 0 | DL36: 0 | EH36: =SUM(CP36:EG36) -> 7 | EI36: =SUM(C36:DM36) -> 152 | EJ36: =SUM(J36:DM36) -> 95 | EK36: =SUM(DL36:EG36) -> 0 | EL36: =SUM(C36:C36) -> 12 | EM36: =SUM(D36:O36) -> 62 | EN36: =SUM(P36:AA36) -> 5 | EO36: =SUM(AB36:AM36) -> 17 | EP36: =SUM(AN36:AY36) -> 24 | EQ36: =SUM(AZ36:BW36) -> 15 | ER36: =SUM(BX36:CU36) -> 11 | ES36: =SUM(CV36:DS36) -> 6 | ET36: =SUM(DT36:EG36) -> 0 | EU36: =SUM(BP36:CK36) -> 13 | EV36: =SUM(CD36:CU36) -> 8 | EX36: =SUM(C36:CO36) -> 145 | EY36: =SUM(F36:DK36) -> 115
A37: Ciberinvestigaciones | B37: Delitos Electorales | C37: 14 | D37: 5 | E37: 7 | F37: 3 | G37: 6 | H37: 2 | I37: 14 | J37: 3 | K37: 4 | L37: 2 | M37: 5 | N37: 2 | O37: 0 | P37: 0 | Q37: 0 | R37: 0 | S37: 0 | T37: 0 | U37: 0 | V37: 0 | W37: 0 | X37: 0 | Y37: 0 | Z37: 0 | AA37: 0 | AB37: 0 | AC37: 0 | AD37: 0 | AE37: 0 | AF37: 3 | AG37: 8 | AH37: 6 | AI37: 1 | AJ37: 1 | AK37: 4 | AL37: 4 | AM37: 3 | AN37: 1 | AO37: 0 | AP37: 0 | AQ37: 0 | AR37: 0 | AS37: 1 | AT37: 0 | AU37: 0 | AV37: 1 | AW37: 1 | AX37: 0 | AY37: 1 | AZ37: 0 | BA37: 0 | BB37: 0 | BC37: 0 | BD37: 0 | BE37: 0 | BF37: 0 | BG37: 0 | BH37: 0 | BI37: 0 | BJ37: 0 | BK37: 0 | BL37: 1 | BM37: 0 | BN37: 0 | BO37: 0 | BP37: 1 | BQ37: 0 | BR37: 0 | BS37: 0 | BT37: 0 | BU37: 0 | BV37: 0 | BW37: 0 | BX37: 0 | BY37: 0 | BZ37: 0 | CA37: 0 | CB37: 0 | CC37: 0 | CD37: 2 | CE37: 0 | CF37: 0 | CG37: 0 | CH37: 1 | CI37: 0 | CJ37: 0 | CK37: 0 | CL37: 0 | CM37: 0 | CN37: 0 | CO37: 0 | CP37: 0 | CQ37: 0 | CR37: 0 | CS37: 0 | CT37: 0 | CU37: 0 | CV37: 0 | CW37: 0 | CX37: 0 | CY37: 0 | CZ37: 0 | DA37: 0 | DB37: 0 | DC37: 0 | DD37: 0 | DE37: 0 | DF37: 0 | DG37: 0 | DH37: 0 | DI37: 0 | DJ37: 0 | DK37: 0 | DL37: 0 | EH37: =SUM(CP37:EG37) -> 0 | EI37: =SUM(C37:DM37) -> 107 | EJ37: =SUM(J37:DM37) -> 56 | EK37: =SUM(DL37:EG37) -> 0 | EL37: =SUM(C37:C37) -> 14 | EM37: =SUM(D37:O37) -> 53 | EN37: =SUM(P37:AA37) -> 0 | EO37: =SUM(AB37:AM37) -> 30 | EP37: =SUM(AN37:AY37) -> 5 | EQ37: =SUM(AZ37:BW37) -> 2 | ER37: =SUM(BX37:CU37) -> 3 | ES37: =SUM(CV37:DS37) -> 0 | ET37: =SUM(DT37:EG37) -> 0 | EU37: =SUM(BP37:CK37) -> 4 | EV37: =SUM(CD37:CU37) -> 3 | EX37: =SUM(C37:CO37) -> 107 | EY37: =SUM(F37:DK37) -> 81
A38: Ciberinvestigaciones | B38: Violacion contra la intimidad sexual | C38: 6 | D38: 0 | E38: 0 | F38: 0 | G38: 2 | H38: 0 | I38: 2 | J38: 1 | K38: 3 | L38: 2 | M38: 5 | N38: 3 | O38: 3 | P38: 1 | Q38: 1 | R38: 1 | S38: 0 | T38: 0 | U38: 0 | V38: 0 | W38: 4 | X38: 2 | Y38: 2 | Z38: 3 | AA38: 0 | AB38: 6 | AC38: 0 | AD38: 3 | AE38: 1 | AF38: 4 | AG38: 9 | AH38: 0 | AI38: 18 | AJ38: 9 | AK38: 3 | AL38: 7 | AM38: 3 | AN38: 4 | AO38: 4 | AP38: 1 | AQ38: 1 | AR38: 4 | AS38: 6 | AT38: 3 | AU38: 0 | AV38: 2 | AW38: 4 | AX38: 0 | AY38: 6 | AZ38: 1 | BA38: 4 | BB38: 0 | BC38: 1 | BD38: 0 | BE38: 0 | BF38: 1 | BG38: 1 | BH38: 3 | BI38: 1 | BJ38: 3 | BK38: 2 | BL38: 1 | BM38: 3 | BN38: 1 | BO38: 0 | BP38: 7 | BQ38: 0 | BR38: 3 | BS38: 0 | BT38: 2 | BU38: 1 | BV38: 1 | BW38: 2 | BX38: 3 | BY38: 1 | BZ38: 2 | CA38: 2 | CB38: 7 | CC38: 3 | CD38: 1 | CE38: 3 | CF38: 0 | CG38: 0 | CH38: 0 | CI38: 0 | CJ38: 0 | CK38: 4 | CL38: 0 | CM38: 9 | CN38: 1 | CO38: 1 | CP38: 3 | CQ38: 3 | CR38: 1 | CS38: 2 | CT38: 0 | CU38: 0 | CV38: 0 | CW38: 4 | CX38: 0 | CY38: 1 | CZ38: 1 | DA38: 0 | DB38: 2 | DC38: 0 | DD38: 1 | DE38: 0 | DF38: 8 | DG38: 1 | DH38: 4 | DI38: 3 | DJ38: 0 | DK38: 0 | DL38: 1 | DM38: 2 | EH38: =SUM(CP38:EG38) -> 37 | EI38: =SUM(C38:DM38) -> 251 | EJ38: =SUM(J38:DM38) -> 241 | EK38: =SUM(DL38:EG38) -> 3 | EL38: =SUM(C38:C38) -> 6 | EM38: =SUM(D38:O38) -> 21 | EN38: =SUM(P38:AA38) -> 14 | EO38: =SUM(AB38:AM38) -> 63 | EP38: =SUM(AN38:AY38) -> 35 | EQ38: =SUM(AZ38:BW38) -> 38 | ER38: =SUM(BX38:CU38) -> 46 | ES38: =SUM(CV38:DS38) -> 28 | ET38: =SUM(DT38:EG38) -> 0 | EU38: =SUM(BP38:CK38) -> 42 | EV38: =SUM(CD38:CU38) -> 28 | EX38: =SUM(C38:CO38) -> 214 | EY38: =SUM(F38:DK38) -> 242
A39: Ciberinvestigaciones | B39: Otros Delitos | C39: 64 | D39: 61 | E39: 41 | F39: 46 | G39: 32 | H39: 21 | I39: 34 | J39: 37 | K39: 35 | L39: 50 | M39: 68 | N39: 40 | O39: 23 | P39: 24 | Q39: 34 | R39: 43 | S39: 16 | T39: 4 | U39: 18 | V39: 15 | W39: 37 | X39: 21 | Y39: 21 | Z39: 7 | AA39: 35 | AB39: 14 | AC39: 16 | AD39: 35 | AE39: 33 | AF39: 17 | AG39: 32 | AH39: 22 | AI39: 30 | AJ39: 11 | AK39: 16 | AL39: 33 | AM39: 40 | AN39: 69 | AO39: 38 | AP39: 29 | AQ39: 26 | AR39: 24 | AS39: 25 | AT39: 27 | AU39: 23 | AV39: 18 | AW39: 36 | AX39: 24 | AY39: 13 | AZ39: 10 | BA39: 10 | BB39: 10 | BC39: 9 | BD39: 6 | BE39: 14 | BF39: 11 | BG39: 9 | BH39: 10 | BI39: 15 | BJ39: 12 | BK39: 6 | BL39: 16 | BM39: 4 | BN39: 12 | BO39: 15 | BP39: 9 | BQ39: 10 | BR39: 5 | BS39: 7 | BT39: 11 | BU39: 11 | BV39: 3 | BW39: 8 | BX39: 9 | BY39: 7 | BZ39: 11 | CA39: 8 | CB39: 2 | CC39: 11 | CD39: 7 | CE39: 14 | CF39: 13 | CG39: 9 | CH39: 8 | CI39: 8 | CJ39: 7 | CK39: 18 | CL39: 4 | CM39: 12 | CN39: 7 | CO39: 14 | CP39: 5 | CQ39: 6 | CR39: 8 | CS39: 13 | CT39: 7 | CU39: 2 | CV39: 4 | CW39: 11 | CX39: 9 | CY39: 0 | CZ39: 10 | DA39: 3 | DB39: 7 | DC39: 8 | DD39: 8 | DE39: 6 | DF39: 13 | DG39: 6 | DH39: 3 | DI39: 2 | DJ39: 20 | DK39: 10 | DL39: 4 | DM39: 1 | DN39: 1 | DO39: 1 | DT39: 1 | DU39: 2 | DV39: 0 | DW39: 1 | DX39: 0 | DY39: 0 | DZ39: 1 | EA39: 2 | EB39: 0 | EC39: 0 | ED39: 0 | EE39: 1 | EF39: 1 | EG39: 1 | EH39: =SUM(CP39:EG39) -> 178 | EI39: =SUM(C39:DM39) -> 2046 | EJ39: =SUM(J39:DM39) -> 1747 | EK39: =SUM(DL39:EG39) -> 17 | EL39: =SUM(C39:C39) -> 64 | EM39: =SUM(D39:O39) -> 488 | EN39: =SUM(P39:AA39) -> 275 | EO39: =SUM(AB39:AM39) -> 299 | EP39: =SUM(AN39:AY39) -> 352 | EQ39: =SUM(AZ39:BW39) -> 233 | ER39: =SUM(BX39:CU39) -> 210 | ES39: =SUM(CV39:DS39) -> 127 | ET39: =SUM(DT39:EG39) -> 10 | EU39: =SUM(BP39:CK39) -> 196 | EV39: =SUM(CD39:CU39) -> 162 | EX39: =SUM(C39:CO39) -> 1880 | EY39: =SUM(F39:DK39) -> 1875
A40: Denuncias - Todas | B40: Denuncias - Todas | C40: =SUM(C41:C52) -> 5 | D40: =SUM(D41:D52) -> 3 | E40: =SUM(E41:E52) -> 2 | F40: =SUM(F41:F52) -> 5 | G40: =SUM(G41:G52) -> 3 | H40: =SUM(H41:H52) -> 6 | I40: =SUM(I41:I52) -> 1 | J40: =SUM(J41:J52) -> 4 | ... AS40: =SUM(AS41:AS52) -> 8 | AT40: 8 | AU40: 7 | AV40: 8 | AW40: 7 | AX40: 9 | AY40: 8 | AZ40: 1 | BA40: 7 | BB40: 4 | BC40: 3 | BD40: 4 | BE40: 4 | BF40: 5 | BG40: 4 | BH40: 4 | BI40: 4 | BJ40: 4 | BK40: 5 | BL40: 2 | BM40: 6 | BN40: 2 | BO40: 6 | BP40: 4 | BQ40: 4 | BR40: 4 | BS40: 5 | BT40: 2 | BU40: 7 | BV40: 4 | BW40: 8 | BX40: 3 | BY40: 5 | BZ40: 0 | CA40: 8 | CB40: 2 | CC40: 2 | CD40: 5 | CE40: 3 | CF40: 2 | CG40: 2 | CH40: 5 | CI40: 1 | CJ40: 4 | CK40: 5 | CL40: 4 | CM40: 7 | CN40: 5 | CO40: 8 | CP40: 5 | CQ40: 5 | CR40: 6 | CS40: 6 | CT40: 5 | CU40: 11 | CV40: 1 | CW40: 7 | CX40: 7 | CY40: 6 | CZ40: 4 | DA40: 1 | DB40: 3 | DC40: 2 | DD40: 3 | DE40: 1 | DF40: 7 | DG40: 11 | DH40: 9 | DI40: 5 | DJ40: 4 | DK40: 0 | DL40: 2 | DM40: 0 | DN40: 1 | DO40: 0 | DP40: 2 | DQ40: 2 | DR40: 3 | DS40: 4 | EH40: =SUM(CP40:EG40) -> 123 | EI40: =SUM(C40:DM40) -> 637 | EJ40: =SUM(J40:DM40) -> 612 | EK40: =SUM(DL40:EG40) -> 14 | EL40: =SUM(C40:C40) -> 5 | EM40: =SUM(D40:O40) -> 60 | EN40: =SUM(P40:AA40) -> 80 | EO40: =SUM(AB40:AM40) -> 91 | EP40: =SUM(AN40:AY40) -> 116 | EQ40: =SUM(AZ40:BW40) -> 103 | ER40: =SUM(BX40:CU40) -> 109 | ES40: =SUM(CV40:DS40) -> 85 | ET40: =SUM(DT40:EG40) -> 0 | EU40: =SUM(BP40:CK40) -> 85 | EV40: =SUM(CD40:CU40) -> 89 | EX40: =SUM(C40:CO40) -> 526 | EY40: =SUM(F40:DK40) -> 625
A41: Denuncias - Todas | B41: Delitos contra el ambiente | C41: 0 | D41: 0 | E41: 0 | F41: 0 | G41: 0 | H41: 0 | I41: 0 | J41: 0 | K41: 0 | L41: 0 | M41: 0 | N41: 0 | O41: 0 | P41: 0 | Q41: 0 | R41: 0 | S41: 0 | T41: 0 | U41: 0 | V41: 0 | W41: 0 | X41: 0 | Y41: 0 | Z41: 0 | AA41: 0 | AB41: 0 | AC41: 0 | AD41: 2 | AE41: 0 | AF41: 0 | AG41: 4 | AH41: 0 | AI41: 0 | AJ41: 0 | AK41: 2 | AL41: 0 | AM41: 0 | AN41: 0 | AO41: 4 | AP41: 2 | AQ41: 2 | AR41: 2 | AS41: 0 | AT41: 0 | AU41: 1 | AV41: 0 | AW41: 0 | AX41: 3 | AY41: 1 | AZ41: 0 | BA41: 0 | BB41: 0 | BC41: 0 | BD41: 0 | BE41: 0 | BF41: 1 | BG41: 1 | BH41: 0 | BI41: 1 | BJ41: 0 | BK41: 0 | BL41: 0 | BM41: 0 | BN41: 0 | BO41: 0 | BP41: 0 | BQ41: 0 | BR41: 0 | BS41: 0 | BT41: 0 | BU41: 0 | BV41: 0 | BW41: 0 | BX41: 0 | BY41: 0 | BZ41: 0 | CA41: 0 | CB41: 0 | CC41: 0 | CD41: 2 | CE41: 0 | CF41: 0 | CG41: 0 | CH41: 0 | CI41: 0 | CJ41: 0 | CK41: 0 | CL41: 0 | CM41: 0 | CN41: 0 | CO41: 0 | CP41: 0 | CQ41: 0 | CR41: 0 | CS41: 0 | CT41: 0 | CU41: 0 | CV41: 0 | CW41: 0 | CX41: 0 | CY41: 2 | CZ41: 0 | DA41: 0 | DB41: 1 | DC41: 0 | DD41: 0 | DE41: 0 | DF41: 0 | DG41: 0 | DH41: 0 | DI41: 0 | DJ41: 0 | DK41: 0 | DL41: 0 | DM41: 0 | DN41: 0 | DO41: 0 | DP41: 0 | EH41: =SUM(CP41:EG41) -> 3 | EI41: =SUM(C41:DM41) -> 31 | EJ41: =SUM(J41:DM41) -> 31 | EK41: =SUM(DL41:EG41) -> 0 | EL41: =SUM(C41:C41) -> 0 | EM41: =SUM(D41:O41) -> 0 | EN41: =SUM(P41:AA41) -> 0 | EO41: =SUM(AB41:AM41) -> 8 | EP41: =SUM(AN41:AY41) -> 15 | EQ41: =SUM(AZ41:BW41) -> 3 | ER41: =SUM(BX41:CU41) -> 2 | ES41: =SUM(CV41:DS41) -> 3 | ET41: =SUM(DT41:EG41) -> 0 | EU41: =SUM(BP41:CK41) -> 2 | EV41: =SUM(CD41:CU41) -> 2 | EX41: =SUM(C41:CO41) -> 28 | EY41: =SUM(F41:DK41) -> 31
A42: Denuncias - Todas | B42: Falsificación de papel moneda | C42: 0 | D42: 0 | E42: 0 | F42: 0 | G42: 0 | H42: 0 | I42: 0 | J42: 0 | K42: 0 | L42: 0 | M42: 0 | N42: 0 | O42: 0 | P42: 0 | Q42: 0 | R42: 0 | S42: 0 | T42: 0 | U42: 0 | V42: 0 | W42: 0 | X42: 0 | Y42: 0 | Z42: 0 | AA42: 0 | AB42: 0 | AC42: 0 | AD42: 0 | AE42: 0 | AF42: 0 | AG42: 0 | AH42: 4 | AI42: 0 | AJ42: 0 | AK42: 0 | AL42: 0 | AM42: 0 | AN42: 0 | AO42: 1 | AP42: 1 | AQ42: 0 | AR42: 2 | AS42: 0 | AT42: 2 | AU42: 0 | AV42: 2 | AW42: 0 | AX42: 0 | AY42: 0 | AZ42: 0 | BA42: 0 | BB42: 0 | BC42: 0 | BD42: 0 | BE42: 0 | BF42: 0 | BG42: 0 | BH42: 0 | BI42: 0 | BJ42: 0 | BK42: 0 | BL42: 0 | BM42: 0 | BN42: 0 | BO42: 0 | BP42: 0 | BQ42: 0 | BR42: 0 | BS42: 0 | BT42: 0 | BU42: 0 | BV42: 0 | BW42: 0 | BX42: 0 | BY42: 0 | BZ42: 0 | CA42: 0 | CB42: 0 | CC42: 0 | CD42: 0 | CE42: 0 | CF42: 0 | CG42: 0 | CH42: 0 | CI42: 0 | CJ42: 0 | CK42: 0 | CL42: 0 | CM42: 0 | CN42: 0 | CO42: 0 | CP42: 0 | CQ42: 0 | CR42: 0 | CS42: 0 | CT42: 0 | CU42: 0 | CV42: 0 | CW42: 0 | CX42: 0 | CY42: 0 | CZ42: 0 | DA42: 0 | DB42: 0 | DC42: 0 | DD42: 0 | DE42: 0 | DF42: 0 | DG42: 0 | DH42: 0 | DI42: 0 | DJ42: 0 | DK42: 0 | DL42: 0 | DM42: 0 | DN42: 0 | DO42: 0 | DP42: 0 | EH42: =SUM(CP42:EG42) -> 0 | EI42: =SUM(C42:DM42) -> 12 | EJ42: =SUM(J42:DM42) -> 12 | EK42: =SUM(DL42:EG42) -> 0 | EL42: =SUM(C42:C42) -> 0 | EM42: =SUM(D42:O42) -> 0 | EN42: =SUM(P42:AA42) -> 0 | EO42: =SUM(AB42:AM42) -> 4 | EP42: =SUM(AN42:AY42) -> 8 | EQ42: =SUM(AZ42:BW42) -> 0 | ER42: =SUM(BX42:CU42) -> 0 | ES42: =SUM(CV42:DS42) -> 0 | ET42: =SUM(DT42:EG42) -> 0 | EU42: =SUM(BP42:CK42) -> 0 | EV42: =SUM(CD42:CU42) -> 0 | EX42: =SUM(C42:CO42) -> 12 | EY42: =SUM(F42:DK42) -> 12
A43: Denuncias - Todas | B43: Violencia de Género | C43: 0 | D43: 0 | E43: 0 | F43: 0 | G43: 0 | H43: 0 | I43: 0 | J43: 0 | K43: 0 | L43: 0 | M43: 0 | N43: 0 | O43: 0 | P43: 0 | Q43: 0 | R43: 0 | S43: 0 | T43: 0 | U43: 0 | V43: 0 | W43: 0 | X43: 0 | Y43: 0 | Z43: 0 | AA43: 0 | AB43: 0 | AC43: 0 | AD43: 0 | AE43: 0 | AF43: 0 | AG43: 0 | AH43: 0 | AI43: 0 | AJ43: 0 | AK43: 0 | AL43: 0 | AM43: 0 | AN43: 0 | AO43: 3 | AP43: 3 | AQ43: 2 | AR43: 3 | AS43: 0 | AT43: 0 | AU43: 0 | AV43: 0 | AW43: 0 | AX43: 0 | AY43: 0 | AZ43: 0 | BA43: 0 | BB43: 0 | BC43: 0 | BD43: 0 | BE43: 0 | BF43: 0 | BG43: 0 | BH43: 0 | BI43: 0 | BJ43: 0 | BK43: 0 | BL43: 0 | BM43: 0 | BN43: 0 | BO43: 1 | BP43: 0 | BQ43: 0 | BR43: 0 | BS43: 1 | BT43: 0 | BU43: 0 | BV43: 0 | BW43: 0 | BX43: 0 | BY43: 0 | BZ43: 0 | CA43: 0 | CB43: 0 | CC43: 0 | CD43: 0 | CE43: 0 | CF43: 0 | CG43: 0 | CH43: 0 | CI43: 0 | CJ43: 0 | CK43: 0 | CL43: 0 | CM43: 0 | CN43: 0 | CO43: 0 | CP43: 0 | CQ43: 0 | CR43: 0 | CS43: 0 | CT43: 0 | CU43: 0 | CV43: 0 | CW43: 0 | CX43: 0 | CY43: 0 | CZ43: 0 | DA43: 0 | DB43: 0 | DC43: 0 | DD43: 0 | DE43: 0 | DF43: 0 | DG43: 0 | DH43: 0 | DI43: 0 | DJ43: 0 | DK43: 0 | DL43: 0 | DM43: 0 | DN43: 0 | DO43: 0 | DP43: 0 | EH43: =SUM(CP43:EG43) -> 0 | EI43: =SUM(C43:DM43) -> 13 | EJ43: =SUM(J43:DM43) -> 13 | EK43: =SUM(DL43:EG43) -> 0 | EL43: =SUM(C43:C43) -> 0 | EM43: =SUM(D43:O43) -> 0 | EN43: =SUM(P43:AA43) -> 0 | EO43: =SUM(AB43:AM43) -> 0 | EP43: =SUM(AN43:AY43) -> 11 | EQ43: =SUM(AZ43:BW43) -> 2 | ER43: =SUM(BX43:CU43) -> 0 | ES43: =SUM(CV43:DS43) -> 0 | ET43: =SUM(DT43:EG43) -> 0 | EU43: =SUM(BP43:CK43) -> 1 | EV43: =SUM(CD43:CU43) -> 0 | EX43: =SUM(C43:CO43) -> 13 | EY43: =SUM(F43:DK43) -> 13
A44: Denuncias - Todas | B44: Tráfico de personas (migrantes) | C44: 0 | D44: 0 | E44: 0 | F44: 0 | G44: 0 | H44: 0 | I44: 0 | J44: 0 | K44: 0 | L44: 0 | M44: 0 | N44: 0 | O44: 0 | P44: 0 | Q44: 0 | R44: 0 | S44: 0 | T44: 0 | U44: 0 | V44: 0 | W44: 0 | X44: 0 | Y44: 0 | Z44: 0 | AA44: 0 | AB44: 0 | AC44: 0 | AD44: 0 | AE44: 0 | AF44: 0 | AG44: 0 | AH44: 0 | AI44: 0 | AJ44: 0 | AK44: 0 | AL44: 0 | AM44: 0 | AN44: 0 | AO44: 1 | AP44: 0 | AQ44: 0 | AR44: 1 | AS44: 0 | AT44: 0 | AU44: 0 | AV44: 0 | AW44: 0 | AX44: 0 | AY44: 0 | AZ44: 1 | BA44: 0 | BB44: 0 | BC44: 0 | BD44: 1 | BE44: 0 | BF44: 0 | BG44: 0 | BH44: 0 | BI44: 0 | BJ44: 0 | BK44: 0 | BL44: 0 | BM44: 0 | BN44: 0 | BO44: 0 | BP44: 0 | BQ44: 0 | BR44: 0 | BS44: 0 | BT44: 0 | BU44: 0 | BV44: 0 | BW44: 0 | BX44: 0 | BY44: 0 | BZ44: 0 | CA44: 0 | CB44: 0 | CC44: 0 | CD44: 1 | CE44: 1 | CF44: 0 | CG44: 0 | CH44: 0 | CI44: 0 | CJ44: 0 | CK44: 0 | CL44: 0 | CM44: 0 | CN44: 0 | CO44: 0 | CP44: 0 | CQ44: 0 | CR44: 0 | CS44: 0 | CT44: 0 | CU44: 0 | CV44: 0 | CW44: 0 | CX44: 0 | CY44: 0 | CZ44: 0 | DA44: 0 | DB44: 0 | DC44: 0 | DD44: 0 | DE44: 0 | DF44: 0 | DG44: 0 | DH44: 0 | DI44: 0 | DJ44: 0 | DK44: 0 | DL44: 0 | DM44: 0 | DN44: 0 | DO44: 0 | DP44: 0 | EH44: =SUM(CP44:EG44) -> 0 | EI44: =SUM(C44:DM44) -> 6 | EJ44: =SUM(J44:DM44) -> 6 | EK44: =SUM(DL44:EG44) -> 0 | EL44: =SUM(C44:C44) -> 0 | EM44: =SUM(D44:O44) -> 0 | EN44: =SUM(P44:AA44) -> 0 | EO44: =SUM(AB44:AM44) -> 0 | EP44: =SUM(AN44:AY44) -> 2 | EQ44: =SUM(AZ44:BW44) -> 2 | ER44: =SUM(BX44:CU44) -> 2 | ES44: =SUM(CV44:DS44) -> 0 | ET44: =SUM(DT44:EG44) -> 0 | EU44: =SUM(BP44:CK44) -> 2 | EV44: =SUM(CD44:CU44) -> 2 | EX44: =SUM(C44:CO44) -> 6 | EY44: =SUM(F44:DK44) -> 6
A45: Denuncias - Todas | B45: Trata de Personas | C45: 1 | D45: 0 | E45: 0 | F45: 0 | G45: 0 | H45: 0 | I45: 0 | J45: 3 | K45: 3 | L45: 0 | M45: 3 | N45: 1 | O45: 0 | P45: 0 | Q45: 0 | R45: 0 | S45: 0 | T45: 0 | U45: 2 | V45: 0 | W45: 1 | X45: 0 | Y45: 0 | Z45: 0 | AA45: 0 | AB45: 1 | AC45: 0 | AD45: 0 | AE45: 0 | AF45: 0 | AG45: 0 | AH45: 0 | AI45: 0 | AJ45: 0 | AK45: 0 | AL45: 0 | AM45: 0 | AN45: 0 | AO45: 0 | AP45: 0 | AQ45: 0 | AR45: 0 | AS45: 0 | AT45: 0 | AU45: 0 | AV45: 0 | AW45: 0 | AX45: 0 | AY45: 0 | AZ45: 0 | BA45: 0 | BB45: 0 | BC45: 0 | BD45: 0 | BE45: 0 | BF45: 0 | BG45: 0 | BH45: 0 | BI45: 0 | BJ45: 0 | BK45: 0 | BL45: 0 | BM45: 0 | BN45: 0 | BO45: 0 | BP45: 0 | BQ45: 0 | BR45: 0 | BS45: 0 | BT45: 0 | BU45: 0 | BV45: 0 | BW45: 0 | BX45: 0 | BY45: 0 | BZ45: 0 | CA45: 0 | CB45: 0 | CC45: 0 | CD45: 0 | CE45: 0 | CF45: 0 | CG45: 0 | CH45: 0 | CI45: 0 | CJ45: 0 | CK45: 0 | CL45: 0 | CM45: 0 | CN45: 0 | CO45: 0 | CP45: 0 | CQ45: 0 | CR45: 0 | CS45: 0 | CT45: 0 | CU45: 0 | CV45: 0 | CW45: 0 | CX45: 0 | CY45: 0 | CZ45: 0 | DA45: 0 | DB45: 0 | DC45: 0 | DD45: 0 | DE45: 0 | DF45: 0 | DG45: 0 | DH45: 0 | DI45: 0 | DJ45: 0 | DK45: 0 | DL45: 0 | DM45: 0 | DN45: 0 | DO45: 0 | DP45: 0 | EH45: =SUM(CP45:EG45) -> 0 | EI45: =SUM(C45:DM45) -> 15 | EJ45: =SUM(J45:DM45) -> 14 | EK45: =SUM(DL45:EG45) -> 0 | EL45: =SUM(C45:C45) -> 1 | EM45: =SUM(D45:O45) -> 10 | EN45: =SUM(P45:AA45) -> 3 | EO45: =SUM(AB45:AM45) -> 1 | EP45: =SUM(AN45:AY45) -> 0 | EQ45: =SUM(AZ45:BW45) -> 0 | ER45: =SUM(BX45:CU45) -> 0 | ES45: =SUM(CV45:DS45) -> 0 | ET45: =SUM(DT45:EG45) -> 0 | EU45: =SUM(BP45:CK45) -> 0 | EV45: =SUM(CD45:CU45) -> 0 | EX45: =SUM(C45:CO45) -> 15 | EY45: =SUM(F45:DK45) -> 14
A46: Denuncias - Todas | B46: Delitos contra la Salud | C46: 0 | D46: 0 | E46: 0 | F46: 0 | G46: 0 | H46: 0 | I46: 0 | J46: 0 | K46: 0 | L46: 0 | M46: 0 | N46: 0 | O46: 0 | P46: 0 | Q46: 0 | R46: 0 | S46: 0 | T46: 0 | U46: 0 | V46: 0 | W46: 1 | X46: 0 | Y46: 0 | Z46: 0 | AA46: 0 | AB46: 0 | AC46: 0 | AD46: 0 | AE46: 0 | AF46: 0 | AG46: 0 | AH46: 0 | AI46: 0 | AJ46: 0 | AK46: 0 | AL46: 0 | AM46: 0 | AN46: 0 | AO46: 0 | AP46: 0 | AQ46: 0 | AR46: 0 | AS46: 0 | AT46: 0 | AU46: 0 | AV46: 0 | AW46: 0 | AX46: 0 | AY46: 0 | AZ46: 0 | BA46: 0 | BB46: 0 | BC46: 0 | BD46: 0 | BE46: 0 | BF46: 0 | BG46: 0 | BH46: 0 | BI46: 0 | BJ46: 0 | BK46: 0 | BL46: 0 | BM46: 0 | BN46: 0 | BO46: 0 | BP46: 0 | BQ46: 0 | BR46: 0 | BS46: 0 | BT46: 0 | BU46: 0 | BV46: 0 | BW46: 0 | BX46: 0 | BY46: 0 | BZ46: 0 | CA46: 0 | CB46: 0 | CC46: 0 | CD46: 0 | CE46: 0 | CF46: 0 | CG46: 0 | CH46: 0 | CI46: 0 | CJ46: 0 | CK46: 0 | CL46: 0 | CM46: 0 | CN46: 0 | CO46: 0 | CP46: 0 | CQ46: 0 | CR46: 0 | CS46: 0 | CT46: 0 | CU46: 0 | CV46: 0 | CW46: 0 | CX46: 0 | CY46: 0 | CZ46: 0 | DA46: 0 | DB46: 0 | DC46: 0 | DD46: 0 | DE46: 0 | DF46: 0 | DG46: 0 | DH46: 0 | DI46: 0 | DJ46: 0 | DK46: 0 | DL46: 0 | DM46: 0 | DN46: 0 | DO46: 0 | DP46: 0 | EH46: =SUM(CP46:EG46) -> 0 | EI46: =SUM(C46:DM46) -> 1 | EJ46: =SUM(J46:DM46) -> 1 | EK46: =SUM(DL46:EG46) -> 0 | EL46: =SUM(C46:C46) -> 0 | EM46: =SUM(D46:O46) -> 0 | EN46: =SUM(P46:AA46) -> 1 | EO46: =SUM(AB46:AM46) -> 0 | EP46: =SUM(AN46:AY46) -> 0 | EQ46: =SUM(AZ46:BW46) -> 0 | ER46: =SUM(BX46:CU46) -> 0 | ES46: =SUM(CV46:DS46) -> 0 | ET46: =SUM(DT46:EG46) -> 0 | EU46: =SUM(BP46:CK46) -> 0 | EV46: =SUM(CD46:CU46) -> 0 | EX46: =SUM(C46:CO46) -> 1 | EY46: =SUM(F46:DK46) -> 1
A47: Denuncias - Todas | B47: Violación a la intimidad sexual | C47: 0 | D47: 0 | E47: 0 | F47: 0 | G47: 0 | H47: 0 | I47: 0 | J47: 0 | K47: 0 | L47: 0 | M47: 0 | N47: 0 | O47: 0 | P47: 0 | Q47: 0 | R47: 0 | S47: 1 | T47: 0 | U47: 1 | V47: 0 | W47: 0 | X47: 0 | Y47: 0 | Z47: 0 | AA47: 0 | AB47: 0 | AC47: 0 | AD47: 0 | AE47: 0 | AF47: 0 | AG47: 0 | AH47: 0 | AI47: 0 | AJ47: 0 | AK47: 0 | AL47: 0 | AM47: 0 | AN47: 0 | AO47: 0 | AP47: 0 | AQ47: 0 | AR47: 0 | AS47: 0 | AT47: 0 | AU47: 0 | AV47: 0 | AW47: 0 | AX47: 0 | AY47: 0 | AZ47: 0 | BA47: 0 | BB47: 0 | BC47: 0 | BD47: 0 | BE47: 0 | BF47: 0 | BG47: 0 | BH47: 0 | BI47: 0 | BJ47: 0 | BK47: 0 | BL47: 0 | BM47: 0 | BN47: 0 | BO47: 0 | BP47: 0 | BQ47: 0 | BR47: 0 | BS47: 0 | BT47: 0 | BU47: 0 | BV47: 0 | BW47: 0 | BX47: 0 | BY47: 0 | BZ47: 0 | CA47: 0 | CB47: 0 | CC47: 0 | CD47: 0 | CE47: 0 | CF47: 0 | CG47: 0 | CH47: 0 | CI47: 0 | CJ47: 0 | CK47: 0 | CL47: 0 | CM47: 0 | CN47: 0 | CO47: 0 | CP47: 0 | CQ47: 0 | CR47: 0 | CS47: 0 | CT47: 0 | CU47: 0 | CV47: 0 | CW47: 0 | CX47: 0 | CY47: 0 | CZ47: 0 | DA47: 0 | DB47: 0 | DC47: 0 | DD47: 0 | DE47: 0 | DF47: 0 | DG47: 0 | DH47: 0 | DI47: 0 | DJ47: 0 | DK47: 0 | DL47: 0 | DM47: 0 | DN47: 0 | DO47: 0 | DP47: 0 | EH47: =SUM(CP47:EG47) -> 0 | EI47: =SUM(C47:DM47) -> 2 | EJ47: =SUM(J47:DM47) -> 2 | EK47: =SUM(DL47:EG47) -> 0 | EL47: =SUM(C47:C47) -> 0 | EM47: =SUM(D47:O47) -> 0 | EN47: =SUM(P47:AA47) -> 2 | EO47: =SUM(AB47:AM47) -> 0 | EP47: =SUM(AN47:AY47) -> 0 | EQ47: =SUM(AZ47:BW47) -> 0 | ER47: =SUM(BX47:CU47) -> 0 | ES47: =SUM(CV47:DS47) -> 0 | ET47: =SUM(DT47:EG47) -> 0 | EU47: =SUM(BP47:CK47) -> 0 | EV47: =SUM(CD47:CU47) -> 0 | EX47: =SUM(C47:CO47) -> 2 | EY47: =SUM(F47:DK47) -> 2
A48: Denuncias - Todas | B48: Venta de armas | C48: 0 | D48: 0 | E48: 0 | F48: 0 | G48: 0 | H48: 0 | I48: 0 | J48: 0 | K48: 0 | L48: 0 | M48: 0 | N48: 0 | O48: 0 | P48: 0 | Q48: 0 | R48: 0 | S48: 0 | T48: 0 | U48: 0 | V48: 0 | W48: 0 | X48: 0 | Y48: 0 | Z48: 0 | AA48: 0 | AB48: 0 | AC48: 0 | AD48: 0 | AE48: 0 | AF48: 0 | AG48: 0 | AH48: 0 | AI48: 0 | AJ48: 0 | AK48: 0 | AL48: 0 | AM48: 0 | AN48: 0 | AO48: 0 | AP48: 0 | AQ48: 0 | AR48: 0 | AS48: 0 | AT48: 0 | AU48: 0 | AV48: 0 | AW48: 0 | AX48: 0 | AY48: 0 | AZ48: 0 | BA48: 0 | BB48: 0 | BC48: 0 | BD48: 0 | BE48: 0 | BF48: 0 | BG48: 0 | BH48: 0 | BI48: 0 | BJ48: 0 | BK48: 0 | BL48: 0 | BM48: 0 | BN48: 0 | BO48: 0 | BP48: 0 | BQ48: 0 | BR48: 0 | BS48: 0 | BT48: 0 | BU48: 0 | BV48: 0 | BW48: 0 | BX48: 0 | BY48: 0 | BZ48: 0 | CA48: 0 | CB48: 0 | CC48: 0 | CD48: 0 | CE48: 0 | CF48: 0 | CG48: 0 | CH48: 0 | CI48: 0 | CJ48: 0 | CK48: 0 | CL48: 0 | CM48: 1 | CN48: 0 | CO48: 0 | CP48: 0 | CQ48: 0 | CR48: 0 | CS48: 0 | CT48: 0 | CU48: 0 | CV48: 0 | CW48: 0 | CX48: 0 | CY48: 0 | CZ48: 0 | DA48: 0 | DC48: 0 | DD48: 0 | DE48: 0 | DF48: 0 | DG48: 0 | DH48: 0 | DI48: 0 | DJ48: 0 | DK48: 0 | DL48: 0 | DM48: 0 | DN48: 0 | DO48: 0 | DP48: 0 | EH48: =SUM(CP48:EG48) -> 0 | EI48: =SUM(C48:DM48) -> 1 | EJ48: =SUM(J48:DM48) -> 1 | EK48: =SUM(DL48:EG48) -> 0 | ER48: =SUM(BX48:CU48) -> 1 | ES48: =SUM(CV48:DS48) -> 0 | ET48: =SUM(DT48:EG48) -> 0 | EU48: =SUM(BP48:CK48) -> 0 | EV48: =SUM(CD48:CU48) -> 1 | EX48: =SUM(C48:CO48) -> 1 | EY48: =SUM(F48:DK48) -> 1
A49: Denuncias - Todas | B49: Amenazas | C49: 0 | D49: 0 | E49: 0 | F49: 0 | G49: 0 | H49: 0 | I49: 0 | J49: 0 | K49: 0 | L49: 0 | M49: 0 | N49: 0 | O49: 0 | P49: 0 | Q49: 0 | R49: 0 | S49: 0 | T49: 0 | U49: 0 | V49: 0 | W49: 0 | X49: 0 | Y49: 0 | Z49: 0 | AA49: 0 | AB49: 0 | AC49: 0 | AD49: 0 | AE49: 0 | AF49: 0 | AG49: 0 | AH49: 0 | AI49: 0 | AJ49: 0 | AK49: 0 | AL49: 0 | AM49: 0 | AN49: 0 | AO49: 0 | AP49: 0 | AQ49: 0 | AR49: 0 | AS49: 0 | AT49: 0 | AU49: 0 | AV49: 0 | AW49: 0 | AX49: 0 | AY49: 0 | AZ49: 0 | BA49: 0 | BB49: 0 | BC49: 0 | BD49: 0 | BE49: 0 | BF49: 0 | BG49: 0 | BH49: 0 | BI49: 0 | BJ49: 0 | BK49: 0 | BL49: 0 | BM49: 0 | BN49: 0 | BO49: 0 | BP49: 0 | BQ49: 0 | BR49: 0 | BS49: 0 | BT49: 0 | BU49: 0 | BV49: 0 | BW49: 0 | BX49: 0 | BY49: 0 | BZ49: 0 | CA49: 0 | CB49: 0 | CC49: 0 | CD49: 0 | CE49: 0 | CF49: 0 | CG49: 0 | CH49: 0 | CI49: 0 | CJ49: 0 | CK49: 0 | CL49: 0 | CM49: 0 | CN49: 0 | CO49: 1 | CP49: 0 | CQ49: 0 | CR49: 0 | CS49: 0 | CT49: 0 | CU49: 0 | CV49: 0 | CW49: 0 | CX49: 0 | CY49: 0 | CZ49: 0 | DA49: 0 | DB49: 0 | DC49: 0 | DD49: 0 | DE49: 0 | DF49: 0 | DG49: 0 | DH49: 0 | DI49: 0 | DJ49: 0 | DK49: 0 | DL49: 0 | DM49: 0 | DN49: 0 | DO49: 0 | DP49: 0 | EH49: =SUM(CP49:EG49) -> 0 | EI49: =SUM(C49:DM49) -> 1 | EJ49: =SUM(J49:DM49) -> 1 | EK49: =SUM(DL49:EG49) -> 0 | ER49: =SUM(BX49:CU49) -> 1 | ES49: =SUM(CV49:DS49) -> 0 | ET49: =SUM(DT49:EG49) -> 0 | EV49: =SUM(CD49:CU49) -> 1 | EX49: =SUM(C49:CO49) -> 1 | EY49: =SUM(F49:DK49) -> 1
A50: Denuncias-Todas | B50: Secuestro | C50: 0 | D50: 0 | E50: 0 | F50: 0 | G50: 0 | H50: 1 | I50: 0 | J50: 0 | K50: 0 | L50: 0 | M50: 0 | N50: 0 | O50: 0 | P50: 0 | Q50: 0 | R50: 0 | S50: 0 | T50: 0 | U50: 0 | V50: 0 | W50: 0 | X50: 0 | Y50: 0 | Z50: 0 | AA50: 0 | AB50: 0 | AC50: 0 | AD50: 0 | AE50: 0 | AF50: 0 | AG50: 0 | AH50: 0 | AI50: 0 | AJ50: 0 | AK50: 0 | AL50: 0 | AM50: 0 | AN50: 0 | AO50: 0 | AP50: 0 | AQ50: 0 | AR50: 0 | AS50: 0 | AT50: 0 | AU50: 0 | AV50: 0 | AW50: 0 | AX50: 0 | AY50: 0 | AZ50: 0 | BA50: 0 | BB50: 0 | BC50: 0 | BD50: 0 | BE50: 0 | BF50: 0 | BG50: 0 | BH50: 0 | BI50: 0 | BJ50: 0 | BK50: 0 | BL50: 0 | BM50: 0 | BN50: 0 | BO50: 0 | BP50: 0 | BQ50: 0 | BR50: 0 | BS50: 0 | BT50: 0 | BU50: 0 | BV50: 0 | BW50: 0 | BX50: 0 | BY50: 0 | BZ50: 0 | CA50: 0 | CB50: 0 | CC50: 0 | CD50: 0 | CE50: 0 | CF50: 0 | CG50: 0 | CH50: 0 | CI50: 0 | CJ50: 0 | CK50: 0 | CL50: 0 | CM50: 0 | CN50: 0 | CO50: 0 | CP50: 0 | CQ50: 0 | CR50: 0 | CS50: 0 | CT50: 0 | CU50: 0 | CV50: 0 | CW50: 0 | CX50: 0 | CY50: 0 | CZ50: 0 | DA50: 0 | DB50: 0 | DC50: 0 | DD50: 0 | DE50: 0 | DF50: 0 | DG50: 0 | DH50: 0 | DI50: 0 | DJ50: 0 | DK50: 0 | DL50: 0 | DM50: 0 | DN50: 0 | DO50: 0 | DP50: 0 | EH50: =SUM(CP50:EG50) -> 0 | EI50: =SUM(C50:DM50) -> 1 | EJ50: =SUM(J50:DM50) -> 0 | EK50: =SUM(DL50:EG50) -> 0 | EL50: =SUM(C50:C50) -> 0 | EM50: =SUM(D50:O50) -> 1 | EN50: =SUM(P50:AA50) -> 0 | EO50: =SUM(AB50:AM50) -> 0 | EP50: =SUM(AN50:AY50) -> 0 | EQ50: =SUM(AZ50:BW50) -> 0 | ER50: =SUM(BX50:CU50) -> 0 | ES50: =SUM(CV50:DS50) -> 0 | ET50: =SUM(DT50:EG50) -> 0 | EU50: =SUM(BP50:CK50) -> 0 | EV50: =SUM(CD50:CU50) -> 0 | EX50: =SUM(C50:CO50) -> 1 | EY50: =SUM(F50:DK50) -> 1
A51: Denuncias-Todas | B51: El que resulte | C51: 0 | D51: 0 | E51: 0 | F51: 1 | G51: 0 | H51: 0 | I51: 0 | J51: 0 | K51: 0 | L51: 0 | M51: 0 | N51: 0 | O51: 0 | P51: 0 | Q51: 0 | R51: 0 | S51: 0 | T51: 0 | U51: 0 | V51: 0 | W51: 0 | X51: 0 | Y51: 0 | Z51: 0 | AA51: 0 | AB51: 0 | AC51: 0 | AD51: 0 | AE51: 0 | AF51: 0 | AG51: 0 | AH51: 0 | AI51: 0 | AJ51: 0 | AK51: 0 | AL51: 0 | AM51: 0 | AN51: 0 | AO51: 0 | AP51: 0 | AQ51: 0 | AR51: 0 | AS51: 0 | AT51: 0 | AU51: 0 | AV51: 0 | AW51: 0 | AX51: 0 | AY51: 0 | AZ51: 0 | BA51: 0 | BB51: 0 | BC51: 0 | BD51: 0 | BE51: 0 | BF51: 0 | BG51: 0 | BH51: 0 | BI51: 0 | BJ51: 0 | BK51: 0 | BL51: 0 | BM51: 0 | BN51: 0 | BO51: 0 | BP51: 0 | BQ51: 0 | BR51: 0 | BS51: 0 | BT51: 0 | BU51: 0 | BV51: 0 | BW51: 0 | BX51: 0 | BY51: 0 | BZ51: 0 | CA51: 0 | CB51: 0 | CC51: 0 | CD51: 0 | CE51: 0 | CF51: 0 | CG51: 0 | CH51: 0 | CI51: 0 | CJ51: 0 | CK51: 0 | CL51: 0 | CM51: 0 | CN51: 0 | CO51: 0 | CP51: 0 | CQ51: 0 | CR51: 0 | CS51: 0 | CT51: 0 | CU51: 0 | CV51: 0 | CW51: 0 | CX51: 0 | CY51: 0 | CZ51: 0 | DA51: 0 | DB51: 0 | DC51: 0 | DD51: 0 | DE51: 0 | DF51: 0 | DG51: 0 | DH51: 0 | DI51: 0 | DJ51: 0 | DK51: 0 | DL51: 0 | DM51: 0 | DN51: 0 | DO51: 0 | DP51: 0 | EH51: =SUM(CP51:EG51) -> 0 | EI51: =SUM(C51:DM51) -> 1 | EJ51: =SUM(J51:DM51) -> 0 | EK51: =SUM(DL51:EG51) -> 0 | EL51: =SUM(C51:C51) -> 0 | EM51: =SUM(D51:O51) -> 1 | EN51: =SUM(P51:AA51) -> 0 | EO51: =SUM(AB51:AM51) -> 0 | EP51: =SUM(AN51:AY51) -> 0 | EQ51: =SUM(AZ51:BW51) -> 0 | ER51: =SUM(BX51:CU51) -> 0 | ES51: =SUM(CV51:DS51) -> 0 | ET51: =SUM(DT51:EG51) -> 0 | EU51: =SUM(BP51:CK51) -> 0 | EV51: =SUM(CD51:CU51) -> 0 | EX51: =SUM(C51:CO51) -> 1 | EY51: =SUM(F51:DK51) -> 1
A52: Denuncias - Ciberguardián | B52: Pornografía Infantil -Ciberguardián | C52: 4 | D52: 3 | E52: 2 | F52: 4 | G52: 3 | H52: 5 | I52: 1 | J52: 1 | K52: 7 | L52: 6 | M52: 3 | N52: 3 | O52: 10 | P52: 3 | Q52: 6 | R52: 6 | S52: 6 | T52: 6 | U52: 7 | V52: 8 | W52: 6 | X52: 6 | Y52: 8 | Z52: 5 | AA52: 7 | AB52: 7 | AC52: 5 | AD52: 6 | AE52: 6 | AF52: 5 | AG52: 9 | AH52: 9 | AI52: 6 | AJ52: 4 | AK52: 8 | AL52: 6 | AM52: 7 | AN52: 6 | AO52: 8 | AP52: 6 | AQ52: 7 | AR52: 7 | AS52: 8 | AT52: 6 | AU52: 6 | AV52: 6 | AW52: 7 | AX52: 6 | AY52: 7 | AZ52: 0 | BA52: 7 | BB52: 4 | BC52: 3 | BD52: 3 | BE52: 4 | BF52: 4 | BG52: 3 | BH52: 4 | BI52: 3 | BJ52: 4 | BK52: 5 | BL52: 2 | BM52: 6 | BN52: 2 | BO52: 5 | BP52: 4 | BQ52: 4 | BR52: 4 | BS52: 4 | BT52: 2 | BU52: 7 | BV52: 4 | BW52: 8 | BX52: 3 | BY52: 5 | BZ52: 0 | CA52: 8 | CB52: 2 | CC52: 2 | CD52: 2 | CE52: 2 | CF52: 2 | CG52: 2 | CH52: 5 | CI52: 1 | CJ52: 4 | CK52: 5 | CL52: 4 | CM52: 6 | CN52: 5 | CO52: 7 | CP52: 5 | CQ52: 5 | CR52: 6 | CS52: 6 | CT52: 5 | CU52: 11 | CV52: 1 | CW52: 7 | CX52: 7 | CY52: 4 | CZ52: 4 | DA52: 1 | DB52: 2 | DC52: 2 | DD52: 3 | DE52: 1 | DF52: 7 | DG52: 11 | DH52: 9 | DI52: 5 | DJ52: 4 | DK52: 0 | DL52: 0 | DM52: 0 | DN52: 1 | DO52: 0 | DP52: 2 | DQ52: 2 | DR52: 3 | DS52: 4 | EH52: =SUM(CP52:EG52) -> 118 | EI52: =SUM(C52:DM52) -> 551 | EJ52: =SUM(J52:DM52) -> 529 | EK52: =SUM(DL52:EG52) -> 12 | EL52: =SUM(C52:C52) -> 4 | EM52: =SUM(D52:O52) -> 48 | EN52: =SUM(P52:AA52) -> 74 | EO52: =SUM(AB52:AM52) -> 78 | EP52: =SUM(AN52:AY52) -> 80 | EQ52: =SUM(AZ52:BW52) -> 96 | ER52: =SUM(BX52:CU52) -> 103 | ES52: =SUM(CV52:DS52) -> 80 | ET52: =SUM(DT52:EG52) -> 0 | EU52: =SUM(BP52:CK52) -> 80 | EV52: =SUM(CD52:CU52) -> 83 | EX52: =SUM(C52:CO52) -> 445 | EY52: =SUM(F52:DK52) -> 542
A53: Detenidos-Todos | B53: Detenidos -Todos | C53: 8 | D53: 1 | E53: 0 | F53: 1 | G53: 0 | H53: 1 | I53: 1 | J53: 0 | K53: 0 | L53: 1 | M53: 0 | N53: 0 | O53: 5 | P53: 3 | Q53: 1 | R53: 0 | S53: 0 | T53: 0 | U53: 0 | V53: 0 | W53: 1 | X53: 3 | Y53: 4 | Z53: 1 | AA53: 0 | AB53: 0 | AC53: 2 | AD53: 2 | AE53: 3 | AF53: 2 | AG53: 3 | AH53: 3 | AI53: 3 | AJ53: 0 | AK53: 4 | AL53: 0 | AM53: 2 | AN53: 1 | AO53: 0 | AP53: 3 | AQ53: 0 | AR53: 5 | AS53: 6 | AT53: 5 | AU53: 1 | AV53: 1 | AW53: 1 | AX53: 2 | AY53: 2 | AZ53: 2 | BA53: 3 | BB53: 0 | BC53: 0 | BD53: 2 | BE53: 0 | BF53: 1 | BG53: 0 | BH53: 0 | BI53: 1 | BJ53: 2 | BK53: 0 | BL53: 2 | BM53: 1 | BN53: 7 | BO53: 1 | BP53: 1 | BQ53: 0 | BR53: 0 | BS53: 0 | BT53: 2 | BU53: 0 | BV53: 1 | BW53: 2 | BX53: 2 | BY53: 0 | BZ53: 2 | CA53: 2 | CB53: 0 | CC53: 1 | CD53: 1 | CE53: 2 | CF53: 1 | CG53: 3 | CH53: 1 | CI53: 2 | CJ53: 3 | CK53: 1 | CL53: 4 | CM53: 0 | CN53: 1 | CO53: 7 | CP53: 2 | CQ53: 0 | CR53: 4 | CS53: 0 | CT53: 0 | CU53: 0 | CV53: 0 | CW53: 2 | CX53: 3 | CY53: 0 | CZ53: 0 | DA53: 3 | DB53: 0 | DC53: 1 | DD53: 2 | DE53: 2 | DF53: 1 | DG53: 1 | DH53: 0 | DI53: 0 | DJ53: 2 | DK53: 3 | DL53: 0 | DM53: 3 | DN53: 0 | DO53: 2 | DP53: 0 | DQ53: 0 | DR53: 0 | DS53: 1 | EH53: =SUM(CP53:EG53) -> 32 | EI53: =SUM(C53:DM53) -> 172 | EJ53: =SUM(J53:DM53) -> 160 | EK53: =SUM(DL53:EG53) -> 6 | ES53: =SUM(CV53:DS53) -> 26 | ET53: =SUM(DT53:EG53) -> 0 | EY53: =SUM(F53:DK53) -> 160
A54: GMySE | B54: Detenidos- Extrosión | C54: 0 | D54: 0 | E54: 0 | F54: 0 | G54: 0 | H54: 0 | I54: 0 | J54: 0 | K54: 0 | L54: 0 | M54: 0 | N54: 0 | O54: 0 | P54: 0 | Q54: 0 | R54: 0 | S54: 0 | T54: 0 | U54: 0 | V54: 0 | W54: 0 | X54: 0 | Y54: 0 | Z54: 0 | AA54: 0 | AB54: 0 | AC54: 0 | AD54: 0 | AE54: 0 | AF54: 0 | AG54: 0 | AH54: 0 | AI54: 0 | AJ54: 0 | AK54: 0 | AL54: 0 | AM54: 0 | AN54: 0 | AO54: 0 | AP54: 0 | AQ54: 0 | AR54: 0 | AS54: 0 | AT54: 0 | AU54: 0 | AV54: 0 | AW54: 0 | AX54: 0 | AY54: 0 | AZ54: 0 | BA54: 0 | BB54: 0 | BC54: 0 | BD54: 0 | BE54: 0 | BF54: 0 | BG54: 0 | BH54: 0 | BI54: 0 | BJ54: 0 | BK54: 0 | BL54: 0 | BM54: 0 | BN54: 0 | BO54: 0 | BP54: 0 | BQ54: 0 | BR54: 0 | BS54: 0 | BT54: 0 | BU54: 0 | BV54: 0 | BW54: 0 | BX54: 0 | BY54: 0 | BZ54: 0 | CA54: 0 | CB54: 0 | CC54: 0 | CD54: 0 | CE54: 0 | CF54: 0 | CG54: 0 | CH54: 0 | CI54: 0 | CJ54: 0 | CK54: 0 | CL54: 0 | CM54: 0 | CN54: 0 | CO54: 0 | CP54: 0 | CQ54: 0 | CR54: 0 | CS54: 0 | CT54: 0 | CU54: 0 | CV54: 0 | CW54: 0 | CX54: 0 | CY54: 0 | CZ54: 0 | DA54: 0 | DB54: 0 | DC54: 1 | DD54: 0 | DE54: 0 | DF54: 0 | DG54: 0 | DH54: 0 | DI54: 0 | DJ54: 0 | DK54: 0 | DL54: 0 | DM54: 0 | DN54: 0 | DO54: 0 | DP54: 0 | DQ54: 0 | DR54: 0 | DS54: 0 | EH54: =SUM(CP54:EG54) -> 1 | EI54: =SUM(C54:DM54) -> 1 | EJ54: =SUM(J54:DM54) -> 1 | EK54: =SUM(DL54:EG54) -> 0 | ES54: =SUM(CV54:DS54) -> 1 | ET54: =SUM(DT54:EG54) -> 0 | EY54: =SUM(F54:DK54) -> 1
A55: Operativo Salvación | B55: Detenidos - Ciberguardián | C55: 8 | D55: 1 | E55: 0 | F55: 1 | G55: 0 | H55: 1 | I55: 1 | J55: 0 | K55: 0 | L55: 1 | M55: 0 | N55: 0 | O55: 5 | P55: 3 | Q55: 1 | R55: 0 | S55: 0 | T55: 0 | U55: 0 | V55: 0 | W55: 1 | X55: 3 | Y55: 4 | Z55: 1 | AA55: 0 | AB55: 0 | AC55: 2 | AD55: 2 | AE55: 3 | AF55: 2 | AG55: 3 | AH55: 3 | AI55: 3 | AJ55: 0 | AK55: 4 | AL55: 0 | AM55: 2 | AN55: 1 | AO55: 0 | AP55: 3 | AQ55: 0 | AR55: 5 | AS55: 6 | AT55: 5 | AU55: 1 | AV55: 1 | AW55: 1 | AX55: 2 | AY55: 2 | AZ55: 2 | BA55: 3 | BB55: 0 | BC55: 0 | BD55: 2 | BE55: 0 | BF55: 1 | BG55: 0 | BH55: 0 | BI55: 1 | BJ55: 2 | BK55: 0 | BL55: 2 | BM55: 1 | BN55: 7 | BO55: 1 | BP55: 1 | BQ55: 0 | BR55: 0 | BS55: 0 | BT55: 2 | BU55: 0 | BV55: 1 | BW55: 2 | BX55: 2 | BY55: 0 | BZ55: 2 | CA55: 2 | CB55: 0 | CC55: 1 | CD55: 1 | CE55: 2 | CF55: 1 | CG55: 3 | CH55: 1 | CI55: 2 | CJ55: 3 | CK55: 1 | CL55: 4 | CM55: 0 | CN55: 1 | CO55: 7 | CP55: 2 | CQ55: 0 | CR55: 4 | CS55: 0 | CT55: 0 | CU55: 0 | CV55: 0 | CW55: 2 | CX55: 3 | CY55: 0 | CZ55: 0 | DA55: 3 | DB55: 0 | DC55: 0 | DD55: 2 | DE55: 2 | DF55: 1 | DG55: 1 | DH55: 1 | DI55: 0 | DJ55: 2 | DK55: 3 | DL55: 0 | DM55: 3 | DN55: 0 | DO55: 0 | DP55: 0 | DQ55: 0 | DR55: 0 | DS55: 1 | EH55: =SUM(CP55:EG55) -> 30 | EI55: =SUM(C55:DM55) -> 172 | EJ55: =SUM(J55:DM55) -> 160 | EK55: =SUM(DL55:EG55) -> 4 | EL55: =SUM(C55:C55) -> 8 | EM55: =SUM(D55:O55) -> 10 | EN55: =SUM(P55:AA55) -> 13 | EO55: =SUM(AB55:AM55) -> 24 | EP55: =SUM(AN55:AY55) -> 27 | EQ55: =SUM(AZ55:BW55) -> 28 | ER55: =SUM(BX55:CU55) -> 39 | ES55: =SUM(CV55:DS55) -> 24 | ET55: =SUM(DT55:EG55) -> 0 | EU55: =SUM(BP55:CK55) -> 27 | EV55: =SUM(CD55:CU55) -> 32 | EX55: =SUM(C55:CO55) -> 143 | EY55: =SUM(F55:DK55) -> 160
A56: Operativo Salvación | B56: Víctimas - Ciberguardián | C56: 8 | D56: 0 | E56: 0 | F56: 1 | G56: 0 | H56: 1 | I56: 1 | J56: 0 | K56: 0 | L56: 1 | M56: 0 | N56: 0 | O56: 0 | P56: 3 | Q56: 1 | R56: 0 | S56: 0 | T56: 0 | U56: 0 | V56: 0 | W56: 4 | X56: 4 | Y56: 3 | Z56: 2 | AA56: 0 | AB56: 0 | AC56: 3 | AD56: 2 | AE56: 1 | AF56: 1 | AG56: 4 | AH56: 6 | AI56: 4 | AJ56: 0 | AK56: 2 | AL56: 0 | AM56: 3 | AN56: 0 | AO56: 1 | AP56: 3 | AQ56: 0 | AR56: 3 | AS56: 5 | AT56: 3 | AU56: 0 | AV56: 1 | AW56: 0 | AX56: 2 | AY56: 1 | AZ56: 2 | BA56: 3 | BB56: 0 | BC56: 0 | BD56: 1 | BE56: 0 | BF56: 1 | BG56: 0 | BH56: 0 | BI56: 1 | BJ56: 0 | BK56: 0 | BL56: 2 | BM56: 0 | BN56: 3 | BO56: 0 | BP56: 0 | BQ56: 0 | BR56: 0 | BS56: 0 | BT56: 0 | BU56: 0 | BV56: 0 | BW56: 4 | BX56: 2 | BY56: 0 | BZ56: 1 | CA56: 3 | CB56: 0 | CC56: 2 | CD56: 0 | CE56: 0 | CF56: 0 | CG56: 2 | CH56: 2 | CI56: 3 | CJ56: 4 | CK56: 1 | CL56: 6 | CM56: 0 | CN56: 0 | CO56: 8 | CP56: 2 | CQ56: 0 | CR56: 5 | CS56: 0 | CT56: 0 | CU56: 0 | CV56: 0 | CW56: 1 | CX56: 3 | CY56: 0 | CZ56: 0 | DA56: 15 | DB56: 0 | DC56: 0 | DD56: 1 | DE56: 3 | DF56: 2 | DG56: 0 | DH56: 0 | DI56: 0 | DJ56: 0 | DK56: 0 | DL56: 0 | DM56: 0 | DN56: 0 | DO56: 0 | DP56: 0 | DQ56: 2 | DR56: 4 | DS56: 4 | EH56: =SUM(CP56:EG56) -> 42 | EI56: =SUM(C56:DM56) -> 157 | EJ56: =SUM(J56:DM56) -> 146 | EK56: =SUM(DL56:EG56) -> 10 | EL56: =SUM(C56:C56) -> 8 | EM56: =SUM(D56:O56) -> 4 | EN56: =SUM(P56:AA56) -> 17 | EO56: =SUM(AB56:AM56) -> 26 | EP56: =SUM(AN56:AY56) -> 19 | EQ56: =SUM(AZ56:BW56) -> 17 | ER56: =SUM(BX56:CU56) -> 41 | ES56: =SUM(CV56:DS56) -> 35 | ET56: =SUM(DT56:EG56) -> 0 | EU56: =SUM(BP56:CK56) -> 24 | EV56: =SUM(CD56:CU56) -> 33 | EX56: =SUM(C56:CO56) -> 125 | EY56: =SUM(F56:DK56) -> 149
A57: Operativo Salvación | B57: Sentencias | C57: 2 | D57: 0 | E57: 0 | F57: 0 | G57: 0 | H57: 0 | I57: 2 | J57: 0 | K57: 0 | L57: 0 | M57: 0 | N57: 0 | O57: 0 | P57: 1 | Q57: 1 | R57: 0 | S57: 0 | T57: 0 | U57: 0 | V57: 0 | W57: 0 | X57: 0 | Y57: 1 | Z57: 0 | AA57: 2 | AB57: 0 | AC57: 1 | AD57: 0 | AE57: 0 | AF57: 0 | AG57: 1 | AH57: 1 | AI57: 3 | AJ57: 2 | AK57: 2 | AL57: 0 | AM57: 1 | AN57: 0 | AO57: 2 | AP57: 1 | AQ57: 0 | AR57: 2 | AS57: 0 | AT57: 0 | AU57: 2 | AV57: 0 | AW57: 7 | AX57: 2 | AY57: 0 | AZ57: 0 | BA57: 2 | BB57: 0 | BC57: 0 | BD57: 1 | BE57: 0 | BF57: 0 | BG57: 0 | BH57: 0 | BI57: 0 | BJ57: 1 | BK57: 0 | BL57: 3 | BM57: 1 | BN57: 3 | BO57: 1 | BP57: 0 | BQ57: 0 | BR57: 0 | BS57: 0 | BT57: 3 | BU57: 1 | BV57: 0 | BW57: 0 | BX57: 0 | BY57: 0 | BZ57: 0 | CA57: 2 | CB57: 0 | CC57: 0 | CD57: 1 | CE57: 1 | CF57: 0 | CG57: 0 | CH57: 1 | CI57: 0 | CJ57: 2 | CK57: 2 | CL57: 1 | CM57: 1 | CN57: 0 | CO57: 2 | CP57: 0 | CQ57: 0 | CR57: 1 | CS57: 1 | CT57: 0 | CU57: 0 | CV57: 1 | CW57: 0 | CX57: 2 | CY57: 0 | CZ57: 0 | DA57: 0 | DB57: 0 | DC57: 1 | DD57: 0 | DE57: 1 | DF57: 0 | DG57: 1 | DH57: 0 | DI57: 0 | DJ57: 0 | DK57: 0 | DL57: 0 | DM57: 0 | DN57: 0 | DO57: 0 | DP57: 0 | EH57: =SUM(CP57:EG57) -> 8 | EI57: =SUM(C57:DM57) -> 73 | EJ57: =SUM(J57:DM57) -> 69 | EK57: =SUM(DL57:EG57) -> 0 | EL57: =SUM(C57:C57) -> 2 | EM57: =SUM(D57:O57) -> 2 | EN57: =SUM(P57:AA57) -> 5 | EO57: =SUM(AB57:AM57) -> 11 | EP57: =SUM(AN57:AY57) -> 16 | EQ57: =SUM(AZ57:BW57) -> 16 | ER57: =SUM(BX57:CU57) -> 15 | ES57: =SUM(CV57:DS57) -> 6 | ET57: =SUM(DT57:EG57) -> 0 | EU57: =SUM(BP57:CK57) -> 13 | EV57: =SUM(CD57:CU57) -> 13 | EX57: =SUM(C57:CO57) -> 65 | EY57: =SUM(F57:DK57) -> 71
A58: Operativo Salvación | B58: Taller | C58: 0 | D58: 0 | E58: 0 | F58: 1 | G58: 1 | H58: 1 | I58: 1 | J58: 0 | K58: 0 | L58: 0 | M58: 0 | N58: 1 | O58: 1 | P58: 0 | Q58: 1 | R58: 1 | S58: 0 | T58: 0 | U58: 0 | V58: 0 | W58: 0 | X58: 3 | Y58: 1 | Z58: 0 | AA58: 1 | AB58: 0 | AC58: 1 | AD58: 2 | AE58: 1 | AF58: 1 | AG58: 0 | AH58: 1 | AI58: 1 | AJ58: 0 | AK58: 0 | AL58: 0 | AM58: 0 | AN58: 0 | AO58: 0 | AP58: 0 | AQ58: 0 | AR58: 1 | AS58: 1 | AT58: 0 | AU58: 0 | AV58: 0 | AW58: 0 | AX58: 0 | AY58: 0 | AZ58: 0 | BA58: 0 | BB58: 0 | BC58: 0 | BD58: 1 | BE58: 0 | BF58: 0 | BG58: 0 | BH58: 0 | BI58: 0 | BJ58: 0 | BK58: 0 | BL58: 1 | BM58: 0 | BN58: 0 | BO58: 0 | BP58: 0 | BQ58: 0 | BR58: 0 | BS58: 0 | BT58: 0 | BU58: 0 | BV58: 0 | BW58: 0 | BX58: 0 | BY58: 0 | BZ58: 0 | CA58: 0 | CB58: 0 | CC58: 0 | CD58: 0 | CE58: 0 | CF58: 0 | CG58: 0 | CH58: 0 | CI58: 0 | CJ58: 0 | CK58: 0 | CL58: 0 | CM58: 0 | CN58: 0 | CO58: 0 | CP58: 0 | CQ58: 0 | CR58: 0 | CS58: 1 | CT58: 0 | CU58: 0 | CV58: 0 | CW58: 0 | CX58: 0 | CY58: 0 | CZ58: 0 | DA58: 0 | DB58: 0 | DC58: 1 | DD58: 1 | DE58: 0 | DF58: 0 | DG58: 0 | DH58: 0 | DI58: 0 | DJ58: 0 | DK58: 0 | DL58: 0 | DM58: 0 | DN58: 0 | DO58: 0 | DP58: 0 | EH58: =SUM(CP58:EG58) -> 3 | EI58: =SUM(C58:DM58) -> 27 | EJ58: =SUM(J58:DM58) -> 23 | EK58: =SUM(DL58:EG58) -> 0 | EL58: =SUM(C58:C58) -> 0 | EM58: =SUM(D58:O58) -> 6 | EN58: =SUM(P58:AA58) -> 7 | EO58: =SUM(AB58:AM58) -> 7 | EP58: =SUM(AN58:AY58) -> 2 | EQ58: =SUM(AZ58:BW58) -> 2 | ER58: =SUM(BX58:CU58) -> 1 | ES58: =SUM(CV58:DS58) -> 2 | ET58: =SUM(DT58:EG58) -> 0 | EU58: =SUM(BP58:CK58) -> 0 | EV58: =SUM(CD58:CU58) -> 1 | EX58: =SUM(C58:CO58) -> 24 | EY58: =SUM(F58:DK58) -> 27
A59: Operativo Salvación | B59: Servidores Publicos Capacitados | C59: 0 | D59: 0 | E59: 0 | F59: 58 | G59: 18 | H59: 12 | I59: 8 | J59: 0 | K59: 0 | L59: 0 | M59: 0 | N59: 250 | O59: 30 | P59: 0 | Q59: 30 | R59: 70 | S59: 0 | T59: 0 | U59: 0 | V59: 0 | W59: 0 | X59: 1067 | Y59: 100 | Z59: 0 | AA59: 44 | AB59: 0 | AC59: 41 | AD59: 110 | AE59: 58 | AF59: 249 | AG59: 0 | AH59: 25 | AI59: 50 | AJ59: 0 | AK59: 0 | AL59: 0 | AM59: 0 | AN59: 0 | AO59: 0 | AP59: 0 | AQ59: 0 | AR59: 1087 | AS59: 630 | AT59: 0 | AU59: 0 | AV59: 0 | AW59: 0 | AX59: 0 | AY59: 0 | AZ59: 0 | BA59: 0 | BB59: 0 | BC59: 0 | BD59: 59 | BE59: 0 | BF59: 0 | BG59: 0 | BH59: 0 | BI59: 0 | BJ59: 0 | BK59: 0 | BL59: 1333 | BM59: 0 | BN59: 0 | BO59: 0 | BP59: 0 | BQ59: 0 | BR59: 0 | BS59: 0 | BT59: 0 | BU59: 0 | BV59: 0 | BW59: 0 | BX59: 0 | BY59: 0 | BZ59: 0 | CA59: 0 | CB59: 0 | CC59: 0 | CD59: 0 | CE59: 0 | CF59: 0 | CG59: 0 | CH59: 0 | CI59: 0 | CJ59: 0 | CK59: 0 | CL59: 0 | CM59: 0 | CN59: 0 | CO59: 0 | CP59: 0 | CQ59: 0 | CR59: 0 | CS59: 1050 | CT59: 0 | CU59: 0 | CV59: 0 | CW59: 0 | CX59: 0 | CY59: 0 | CZ59: 0 | DA59: 0 | DB59: 0 | DC59: 60 | DD59: 150 | DE59: 0 | DF59: 0 | DG59: 0 | DH59: 0 | DI59: 0 | DJ59: 0 | DK59: 0 | DL59: 0 | DM59: 0 | DN59: 0 | DO59: 0 | DP59: 0 | EH59: =SUM(CP59:EG59) -> 1260 | EI59: =SUM(C59:DM59) -> 6589 | EJ59: =SUM(J59:DM59) -> 6493 | EK59: =SUM(DL59:EG59) -> 0 | EL59: =SUM(C59:C59) -> 0 | EM59: =SUM(D59:O59) -> 376 | EN59: =SUM(P59:AA59) -> 1311 | EO59: =SUM(AB59:AM59) -> 533 | EP59: =SUM(AN59:AY59) -> 1717 | EQ59: =SUM(AZ59:BW59) -> 1392 | ER59: =SUM(BX59:CU59) -> 1050 | ES59: =SUM(CV59:DS59) -> 210 | ET59: =SUM(DT59:EG59) -> 0 | EU59: =SUM(BP59:CK59) -> 0 | EV59: =SUM(CD59:CU59) -> 1050 | EX59: =SUM(C59:CO59) -> 5329 | EY59: =SUM(F59:DK59) -> 6589
A60: Alerta Amber | B60: Diseminación | C60: 6 | D60: 14 | E60: 7 | F60: 12 | G60: 7 | H60: 12 | I60: 6 | J60: 3 | K60: 11 | L60: 7 | M60: 5 | N60: 3 | O60: 6 | P60: 4 | Q60: 8 | R60: 8 | S60: 7 | T60: 8 | U60: 10 | V60: 3 | W60: 4 | X60: 10 | Y60: 7 | Z60: 10 | AA60: 8 | AB60: 12 | AC60: 15 | AD60: 16 | AE60: 11 | AF60: 6 | AG60: 7 | AH60: 15 | AI60: 6 | AJ60: 15 | AK60: 13 | AL60: 22 | AM60: 5 | AN60: 17 | AO60: 14 | AP60: 12 | AQ60: 32 | AR60: 25 | AS60: 23 | AT60: 17 | AU60: 10 | AV60: 19 | AW60: 27 | AX60: 17 | AY60: 14 | AZ60: 4 | BA60: 8 | BB60: 10 | BC60: 5 | BD60: 10 | BE60: 6 | BF60: 9 | BG60: 7 | BH60: 15 | BI60: 9 | BJ60: 13 | BK60: 8 | BL60: 9 | BM60: 10 | BN60: 4 | BO60: 7 | BP60: 15 | BQ60: 5 | BR60: 8 | BS60: 8 | BT60: 10 | BU60: 9 | BV60: 9 | BW60: 9 | BX60: 5 | BY60: 13 | BZ60: 7 | CA60: 3 | CB60: 6 | CC60: 12 | CD60: 15 | CE60: 10 | CF60: 5 | CG60: 9 | CH60: 6 | CI60: 3 | CJ60: 12 | CK60: 8 | CL60: 1 | CM60: 5 | CN60: 7 | CO60: 4 | CP60: 10 | CQ60: 9 | CR60: 9 | CS60: 5 | CT60: 5 | CU60: 3 | CV60: 15 | CW60: 7 | CX60: 7 | CY60: 9 | CZ60: 2 | DA60: 4 | DB60: 8 | DC60: 9 | DD60: 8 | DE60: 6 | DF60: 4 | DG60: 5 | DH60: 5 | DI60: 7 | DJ60: 3 | DK60: 7 | DL60: 0 | EH60: =SUM(CP60:EG60) -> 147 | EI60: =SUM(C60:DM60) -> 1041 | EJ60: =SUM(J60:DM60) -> 977 | EK60: =SUM(DL60:EG60) -> 0 | EL60: =SUM(C60:C60) -> 6 | EM60: =SUM(D60:O60) -> 93 | EN60: =SUM(P60:AA60) -> 87 | EO60: =SUM(AB60:AM60) -> 143 | EP60: =SUM(AN60:AY60) -> 227 | EQ60: =SUM(AZ60:BW60) -> 207 | ER60: =SUM(BX60:CU60) -> 172 | ES60: =SUM(CV60:DS60) -> 106 | ET60: =SUM(DT60:EG60) -> 0 | EU60: =SUM(BP60:CK60) -> 187 | EV60: =SUM(CD60:CU60) -> 126 | EX60: =SUM(C60:CO60) -> 894 | EY60: =SUM(F60:DK60) -> 1014
A61: Alerta Amber | B61: Localizados | C61: 5 | D61: 10 | E61: 7 | F61: 8 | G61: 6 | H61: 7 | I61: 4 | J61: 1 | K61: 7 | L61: 2 | M61: 5 | N61: 2 | O61: 3 | P61: 1 | Q61: 7 | R61: 7 | S61: 4 | T61: 1 | U61: 7 | V61: 2 | W61: 0 | X61: 6 | Y61: 4 | Z61: 8 | AA61: 3 | AB61: 0 | AC61: 9 | AD61: 9 | AE61: 9 | AF61: 3 | AG61: 7 | AH61: 13 | AI61: 4 | AJ61: 4 | AK61: 7 | AL61: 9 | AM61: 2 | AN61: 13 | AO61: 10 | AP61: 5 | AQ61: 11 | AR61: 10 | AS61: 13 | AT61: 10 | AU61: 4 | AV61: 4 | AW61: 14 | AX61: 13 | AY61: 8 | AZ61: 8 | BA61: 5 | BB61: 8 | BC61: 2 | BD61: 2 | BE61: 1 | BF61: 5 | BG61: 2 | BH61: 5 | BI61: 4 | BJ61: 11 | BK61: 2 | BL61: 2 | BM61: 1 | BN61: 1 | BO61: 8 | BP61: 8 | BQ61: 3 | BR61: 2 | BS61: 2 | BT61: 5 | BU61: 5 | BV61: 0 | BW61: 3 | BX61: 2 | BY61: 5 | BZ61: 1 | CA61: 1 | CB61: 1 | CC61: 4 | CD61: 10 | CE61: 2 | CF61: 1 | CG61: 11 | CH61: 4 | CI61: 0 | CJ61: 3 | CK61: 7 | CL61: 1 | CM61: 1 | CN61: 3 | CO61: 0 | CP61: 3 | CQ61: 3 | CR61: 2 | CS61: 2 | CT61: 2 | CU61: 1 | CV61: 18 | CW61: 4 | CX61: 5 | CY61: 13 | CZ61: 1 | DA61: 2 | DB61: 3 | DC61: 2 | DD61: 3 | DE61: 2 | DF61: 1 | DG61: 3 | DH61: 5 | DI61: 2 | DJ61: 1 | DK61: 2 | DL61: 0 | EH61: =SUM(CP61:EG61) -> 80 | EI61: =SUM(C61:DM61) -> 540 | EJ61: =SUM(J61:DM61) -> 493 | EK61: =SUM(DL61:EG61) -> 0 | EL61: =SUM(C61:C61) -> 5 | EM61: =SUM(D61:O61) -> 62 | EN61: =SUM(P61:AA61) -> 50 | EO61: =SUM(AB61:AM61) -> 76 | EP61: =SUM(AN61:AY61) -> 115 | EQ61: =SUM(AZ61:BW61) -> 95 | ER61: =SUM(BX61:CU61) -> 70 | ES61: =SUM(CV61:DS61) -> 67 | ET61: =SUM(DT61:EG61) -> 0 | EU61: =SUM(BP61:CK61) -> 80 | EV61: =SUM(CD61:CU61) -> 56 | EX61: =SUM(C61:CO61) -> 460 | EY61: =SUM(F61:DK61) -> 518
A62: Reportes Ciudadanos | B62: Asesorías Cibernéticas (Reportes ciudadanos) | C62: 995 | D62: 953 | E62: 1024 | F62: 1047 | G62: 1066 | H62: 1068 | I62: 929 | J62: 1096 | K62: 1007 | L62: 1023 | M62: 1100 | N62: 1030 | O62: 1001 | P62: 1080 | Q62: 1196 | R62: 1076 | S62: 1380 | T62: 1537 | U62: 2290 | V62: 2202 | W62: 3414 | X62: 2830 | Y62: 1919 | Z62: 1245 | AA62: 1121 | AB62: 1187 | AC62: 1410 | AD62: 1419 | AE62: 1071 | AF62: 1090 | AG62: 1452 | AH62: 1515 | AI62: 1262 | AJ62: 1839 | AK62: 2240 | AL62: 2424 | AM62: 1854 | AN62: 1444 | AO62: 2057 | AP62: 1965 | AQ62: 2796 | AR62: 2020 | AS62: 2706 | AT62: 2883 | AU62: 1951 | AV62: 1960 | AW62: 1693 | AX62: 1452 | AY62: 1412 | AZ62: 984 | BA62: 1851 | BB62: 1244 | BC62: 1472 | BD62: 1811 | BE62: 1873 | BF62: 1814 | BG62: 1542 | BH62: 2375 | BI62: 2353 | BJ62: 2197 | BK62: 2151 | BL62: 1918 | BM62: 1626 | BN62: 2693 | BO62: 1900 | BP62: 2796 | BQ62: 2682 | BR62: 2566 | BS62: 1822 | BT62: 1618 | BU62: 1577 | BV62: 1276 | BW62: 2718 | BX62: 2394 | BY62: 2370 | BZ62: 1656 | CA62: 2554 | CB62: 1961 | CC62: 1519 | CD62: 4265 | CE62: 2471 | CF62: 1754 | CG62: 2509 | CH62: 3462 | CI62: 3862 | CJ62: 2456 | CK62: 2931 | CL62: 3192 | CM62: 4962 | CN62: 3332 | CO62: 2529 | CP62: 1795 | CQ62: 2225 | CR62: 3386 | CS62: 2897 | CT62: 2001 | CU62: 1704 | CV62: 2416 | CW62: 2735 | CX62: 2669 | CY62: 1724 | CZ62: 1002 | DA62: 1656 | DB62: 3241 | DC62: 1674 | DD62: 2688 | DE62: 2003 | DF62: 3772 | DG62: 2253 | DH62: 3919 | DI62: 1895 | DJ62: 2254 | DK62: 2743 | DL62: 1975 | DM62: 2002 | DN62: 1125 | DO62: 2239 | DP62: 2792 | DQ62: 3182 | DR62: 2911 | DS62: 1292 | EH62: =SUM(CP62:EG62) -> 70170 | EI62: =SUM(C62:DM62) -> 231398 | EJ62: =SUM(J62:DM62) -> 224316 | EK62: =SUM(DL62:EG62) -> 17518 | EL62: =SUM(C62:C62) -> 995 | EM62: =SUM(D62:O62) -> 12344 | EN62: =SUM(P62:AA62) -> 21290 | EO62: =SUM(AB62:AM62) -> 18763 | EP62: =SUM(AN62:AY62) -> 24339 | EQ62: =SUM(AZ62:BW62) -> 46859 | ER62: =SUM(BX62:CU62) -> 64187 | ES62: =SUM(CV62:DS62) -> 56162 | ET62: =SUM(DT62:EG62) -> 0 | EU62: =SUM(BP62:CK62) -> 53219 | EV62: =SUM(CD62:CU62) -> 51733 | EX62: =SUM(C62:CO62) -> 174769 | EY62: =SUM(F62:DK62) -> 224449
A63: Reportes Ciudadanos | B63: Apoyo técnico especializado | C63: 0 | D63: 0 | E63: 0 | F63: 0 | G63: 0 | H63: 0 | I63: 0 | J63: 0 | K63: 0 | L63: 0 | M63: 0 | N63: 0 | O63: 0 | P63: 0 | Q63: 0 | R63: 0 | S63: 0 | T63: 0 | U63: 0 | V63: 0 | W63: 0 | X63: 0 | Y63: 0 | Z63: 0 | AA63: 0 | AB63: 0 | AC63: 0 | AD63: 0 | AE63: 0 | AF63: 0 | AG63: 0 | AH63: 0 | AI63: 0 | AJ63: 0 | AK63: 0 | AL63: 0 | AM63: 0 | AN63: 0 | AO63: 0 | AP63: 0 | AQ63: 0 | AR63: 0 | AS63: 0 | AT63: 0 | AU63: 0 | AV63: 0 | AW63: 0 | AX63: 0 | AY63: 0 | AZ63: 0 | BA63: 0 | BB63: 0 | BC63: 0 | BD63: 0 | BE63: 0 | BF63: 0 | BG63: 0 | BH63: 0 | BI63: 0 | BJ63: 0 | BK63: 0 | BL63: 0 | BM63: 0 | BN63: 0 | BO63: 0 | BP63: 0 | BQ63: 0 | BR63: 0 | BS63: 0 | BT63: 0 | BU63: 0 | BV63: 0 | BW63: 0 | BX63: 24 | BY63: 32 | BZ63: 29 | CA63: 40 | CB63: 52 | CC63: 32 | CD63: 59 | CE63: 37 | CF63: 7 | CG63: 4 | CH63: 17 | CI63: 7 | CJ63: 1 | CK63: 12 | CL63: 24 | CM63: 72 | CN63: 67 | CO63: 18 | CP63: 36 | CQ63: 17 | CR63: 76 | CS63: 52 | CT63: 5 | CU63: 5 | CV63: 25 | CW63: 0 | CX63: 0 | CY63: 0 | CZ63: 0 | DA63: 0 | DB63: 0 | DC63: 0 | DD63: 0 | DE63: 0 | DF63: 0 | DG63: 0 | DH63: 0 | DI63: 0 | DJ63: 0 | DK63: 0 | DL63: 0 | EH63: =SUM(CP63:EG63) -> 216 | EI63: =SUM(C63:DM63) -> 750 | EJ63: =SUM(J63:DM63) -> 750 | EK63: =SUM(DL63:EG63) -> 0 | EL63: =SUM(C63:C63) -> 0 | EM63: =SUM(D63:O63) -> 0 | EN63: =SUM(P63:AA63) -> 0 | EO63: =SUM(AB63:AM63) -> 0 | EP63: =SUM(AN63:AY63) -> 0 | EQ63: =SUM(AZ63:BW63) -> 0 | ER63: =SUM(BX63:CU63) -> 725 | ES63: =SUM(CV63:DS63) -> 25 | ET63: =SUM(DT63:EG63) -> 0 | EU63: =SUM(BP63:CK63) -> 353 | EV63: =SUM(CD63:CU63) -> 516 | EX63: =SUM(C63:CO63) -> 534 | EY63: =SUM(F63:DK63) -> 750
A64: Reportes Ciudadanos | B64: Canalizados a autoridad ministerial (para formular denuncia) | C64: 830 | D64: 785 | E64: 800 | F64: 863 | G64: 854 | H64: 879 | I64: 778 | J64: 898 | K64: 789 | L64: 827 | M64: 945 | N64: 939 | O64: 798 | P64: 944 | Q64: 970 | R64: 886 | S64: 1120 | T64: 1024 | U64: 1381 | V64: 1815 | W64: 2232 | X64: 1860 | Y64: 1494 | Z64: 1026 | AA64: 926 | AB64: 989 | AC64: 1099 | AD64: 1249 | AE64: 938 | AF64: 980 | AG64: 1326 | AH64: 1403 | AI64: 1181 | AJ64: 1754 | AK64: 2150 | AL64: 2334 | AM64: 1814 | AN64: 1383 | AO64: 1983 | AP64: 1898 | AQ64: 2730 | AR64: 1981 | AS64: 2623 | AT64: 2838 | AU64: 1832 | AV64: 1912 | AW64: 1631 | AX64: 1413 | AY64: 1113 | AZ64: 880 | BA64: 1571 | BB64: 1018 | BC64: 1263 | BD64: 1689 | BE64: 1693 | BF64: 1611 | BG64: 1370 | BH64: 2069 | BI64: 2068 | BJ64: 1765 | BK64: 1868 | BL64: 1712 | BM64: 1349 | BN64: 2108 | BO64: 1416 | BP64: 2415 | BQ64: 2102 | BR64: 1975 | BS64: 1148 | BT64: 957 | BU64: 1063 | BV64: 854 | BW64: =1914+23 -> 1937 | BX64: 1669 | BY64: 1672 | BZ64: 1211 | CA64: =1856+300 -> 2156 | CB64: 1660 | CC64: 1266 | CD64: 3752 | CE64: 2079 | CF64: 1552 | CG64: 2202 | CH64: 2974 | CI64: 3223 | CJ64: 1996 | CK64: 2376 | CL64: 2716 | CM64: 4344 | CN64: 2886 | CO64: 2198 | CP64: 1538 | CQ64: 1908 | CR64: 2923 | CS64: 2471 | CT64: 1787 | CU64: 1555 | CV64: 2071 | CW64: 2387 | CX64: 2036 | CY64: 1468 | CZ64: 878 | DA64: 1415 | DB64: 2797 | DC64: 1462 | DD64: 2290 | DE64: 1766 | DF64: 3289 | DG64: 1974 | DH64: 3391 | DI64: 1647 | DJ64: 1948 | DK64: 2373 | DL64: 0 | EH64: =SUM(CP64:EG64) -> 45374 | EI64: =SUM(C64:DM64) -> 192424 | EJ64: =SUM(J64:DM64) -> 186635 | EK64: =SUM(DL64:EG64) -> 0 | EL64: =SUM(C64:C64) -> 830 | EM64: =SUM(D64:O64) -> 10155 | EN64: =SUM(P64:AA64) -> 15678 | EO64: =SUM(AB64:AM64) -> 17217 | EP64: =SUM(AN64:AY64) -> 23337 | EQ64: =SUM(AZ64:BW64) -> 37901 | ER64: =SUM(BX64:CU64) -> 54114 | ES64: =SUM(CV64:DS64) -> 33192 | ET64: =SUM(DT64:EG64) -> 0 | EU64: =SUM(BP64:CK64) -> 42239 | EV64: =SUM(CD64:CU64) -> 44480 | EX64: =SUM(C64:CO64) -> 147050 | EY64: =SUM(F64:DK64) -> 190009
A65: Reportes Ciudadanos | B65: Análisis de reportes por áreas especializadas | C65: 0 | D65: 0 | E65: 0 | F65: 0 | G65: 168 | H65: 134 | I65: 117 | J65: 0 | K65: 0 | L65: 0 | M65: 0 | N65: 74 | O65: 117 | P65: 99 | Q65: 139 | R65: 135 | S65: 215 | T65: 465 | U65: 858 | V65: 305 | W65: 1063 | X65: 890 | Y65: 323 | Z65: 124 | AA65: 143 | AB65: 129 | AC65: 219 | AD65: 128 | AE65: 82 | AF65: 81 | AG65: 96 | AH65: 84 | AI65: 71 | AJ65: 65 | AK65: 78 | AL65: 82 | AM65: 35 | AN65: 54 | AO65: 53 | AP65: 48 | AQ65: 36 | AR65: 29 | AS65: 64 | AT65: 33 | AU65: 116 | AV65: 33 | AW65: 52 | AX65: 32 | AY65: 203 | AZ65: 83 | BA65: 210 | BB65: 178 | BC65: 182 | BD65: 91 | BE65: 168 | BF65: 193 | BG65: 163 | BH65: 304 | BI65: 279 | BJ65: 430 | BK65: 283 | BL65: 204 | BM65: 277 | BN65: 574 | BO65: 483 | BP65: 369 | BQ65: 561 | BR65: 564 | BS65: 559 | BT65: 489 | BU65: 430 | BV65: 397 | BW65: =776-20 -> 756 | BX65: 701 | BY65: 666 | BZ65: 416 | CA65: =645-287 -> 358 | CB65: 249 | CC65: 221 | CD65: 454 | CE65: 355 | CF65: 195 | CG65: 303 | CH65: 399 | CI65: 483 | CJ65: 383 | CK65: 454 | CL65: 436 | CM65: 499 | CN65: 379 | CO65: 313 | CP65: 220 | CQ65: 291 | CR65: 374 | CS65: 357 | CT65: 209 | CU65: 144 | CV65: 320 | CW65: 348 | CX65: 633 | CY65: 256 | CZ65: 124 | DA65: 241 | DB65: 444 | DC65: 212 | DD65: 398 | DE65: 237 | DF65: 483 | DG65: 279 | DH65: 526 | DI65: 248 | DJ65: 306 | DK65: 370 | DL65: 0 | EH65: =SUM(CP65:EG65) -> 7020 | EI65: =SUM(C65:DM65) -> 29783 | EJ65: =SUM(J65:DM65) -> 29364 | EK65: =SUM(DL65:EG65) -> 0 | EL65: =SUM(C65:C65) -> 0 | EM65: =SUM(D65:O65) -> 610 | EN65: =SUM(P65:AA65) -> 4759 | EO65: =SUM(AB65:AM65) -> 1150 | EP65: =SUM(AN65:AY65) -> 753 | EQ65: =SUM(AZ65:BW65) -> 8227 | ER65: =SUM(BX65:CU65) -> 8859 | ES65: =SUM(CV65:DS65) -> 5425 | ET65: =SUM(DT65:EG65) -> 0 | EU65: =SUM(BP65:CK65) -> 9762 | EV65: =SUM(CD65:CU65) -> 6248 | EX65: =SUM(C65:CO65) -> 22763 | EY65: =SUM(F65:DK65) -> 29783
A66: Reportes Ciudadanos | B66: Resuelto con asesorías técnicas- jurídicas especializadas | C66: 165 | D66: 168 | E66: 224 | F66: 184 | G66: 44 | H66: 55 | I66: 34 | J66: 198 | K66: 218 | L66: 196 | M66: 155 | N66: 17 | O66: 86 | P66: 37 | Q66: 87 | R66: 55 | S66: 45 | T66: 48 | U66: 51 | V66: 82 | W66: 119 | X66: 80 | Y66: 102 | Z66: 95 | AA66: 52 | AB66: 69 | AC66: 92 | AD66: 42 | AE66: 51 | AF66: 29 | AG66: 30 | AH66: 28 | AI66: 10 | AJ66: 20 | AK66: 12 | AL66: 8 | AM66: 5 | AN66: 7 | AO66: 21 | AP66: 19 | AQ66: 30 | AR66: 10 | AS66: 19 | AT66: 12 | AU66: 3 | AV66: 15 | AW66: 10 | AX66: 7 | AY66: 96 | AZ66: 21 | BA66: 70 | BB66: 48 | BC66: 27 | BD66: 31 | BE66: 12 | BF66: 10 | BG66: 9 | BH66: 2 | BI66: 6 | BJ66: 2 | BK66: 0 | BL66: 2 | BM66: 0 | BN66: 11 | BO66: 1 | BP66: 12 | BQ66: 19 | BR66: 27 | BS66: 115 | BT66: 172 | BU66: 84 | BV66: 25 | BW66: =28-3 -> 25 | BX66: 0 | BY66: 0 | BZ66: 0 | CA66: =13-13 -> 0 | CB66: 0 | CC66: 0 | CD66: 0 | CE66: 0 | CF66: 0 | CG66: 0 | CH66: 72 | CI66: 149 | CJ66: 76 | CK66: 89 | CL66: 16 | CM66: 47 | CN66: 0 | CO66: 0 | CP66: 1 | CQ66: 9 | CR66: 13 | CS66: 17 | CT66: 0 | CU66: 0 | CV66: 0 | CW66: 0 | CX66: 0 | CY66: 0 | CZ66: 0 | DA66: 0 | DB66: 0 | DC66: 0 | DD66: 0 | DE66: 0 | DF66: 0 | DG66: 0 | DH66: 2 | DI66: 0 | DJ66: 0 | DK66: 0 | DL66: 0 | EH66: =SUM(CP66:EG66) -> 42 | EI66: =SUM(C66:DM66) -> 4464 | EJ66: =SUM(J66:DM66) -> 3590 | EK66: =SUM(DL66:EG66) -> 0 | EL66: =SUM(C66:C66) -> 165 | EM66: =SUM(D66:O66) -> 1579 | EN66: =SUM(P66:AA66) -> 853 | EO66: =SUM(AB66:AM66) -> 396 | EP66: =SUM(AN66:AY66) -> 249 | EQ66: =SUM(AZ66:BW66) -> 731 | ER66: =SUM(BX66:CU66) -> 489 | ES66: =SUM(CV66:DS66) -> 2 | ET66: =SUM(DT66:EG66) -> 0 | EU66: =SUM(BP66:CK66) -> 865 | EV66: =SUM(CD66:CU66) -> 489 | EX66: =SUM(C66:CO66) -> 4422 | EY66: =SUM(F66:DK66) -> 3907
A67: Alertas y Boletínes | B67: Alertas y Boletínes | C67: 51 | D67: 39 | E67: 43 | F67: 39 | G67: 48 | H67: 27 | I67: 26 | J67: 36 | K67: 53 | L67: 36 | M67: 53 | N67: 42 | O67: 0 | P67: 49 | Q67: 65 | R67: 44 | S67: 59 | T67: 38 | U67: 52 | V67: 69 | W67: 47 | X67: 49 | Y67: 44 | Z67: 28 | AA67: 23 | AB67: 46 | AC67: 37 | AD67: 44 | AE67: 26 | AF67: 38 | AG67: 44 | AH67: 43 | AI67: 48 | AJ67: 42 | AK67: 40 | AL67: 41 | AM67: 31 | AN67: 57 | AO67: 61 | AP67: 74 | AQ67: 69 | AR67: 39 | AS67: 95 | AT67: 114 | AU67: 97 | AV67: 112 | AW67: 102 | AX67: 81 | AY67: 82 | AZ67: 32 | BA67: 51 | BB67: 47 | BC67: 37 | BD67: 48 | BE67: 46 | BF67: 40 | BG67: 49 | BH67: 18 | BI67: 12 | BJ67: 24 | BK67: 39 | BL67: 20 | BM67: 31 | BN67: 0 | BO67: 78 | BP67: 37 | BQ67: 41 | BR67: 31 | BS67: 18 | BT67: 24 | BU67: 9 | BV67: 26 | BW67: 15 | BX67: 16 | BY67: 24 | BZ67: 16 | CA67: 17 | CB67: 14 | CC67: 39 | CD67: 27 | CE67: 27 | CF67: 25 | CG67: 46 | CH67: 21 | CI67: 34 | CJ67: 30 | CK67: 19 | CL67: 20 | CM67: 28 | CN67: 19 | CO67: 39 | CP67: 38 | CQ67: 31 | CR67: 18 | CS67: 24 | CT67: 13 | CU67: 27 | CV67: 15 | CW67: 47 | CX67: 39 | CY67: 37 | CZ67: 28 | DA67: 28 | DB67: 36 | DC67: 25 | DD67: 31 | DE67: 39 | DF67: 49 | DG67: 29 | DH67: 36 | DI67: 35 | DJ67: 35 | DK67: 27 | DL67: 34 | DM67: 27 | DN67: 35 | DO67: 35 | DP67: 34 | DQ67: 15 | DR67: 34 | DS67: 25 | DT67: 22 | DU67: 35 | DV67: 30 | DW67: 22 | DX67: 37 | DY67: 20 | DZ67: 32 | EA67: 36 | EB67: 27 | EC67: 26 | ED67: 36 | EE67: 38 | EF67: 33 | EG67: 24 | EH67: =SUM(CP67:EG67) -> 1344 | EI67: =SUM(C67:DM67) -> 4505 | EJ67: =SUM(J67:DM67) -> 4232 | EK67: =SUM(DL67:EG67) -> 657 | EL67: =SUM(C67:C67) -> 51 | EM67: =SUM(D67:O67) -> 442 | EN67: =SUM(P67:AA67) -> 567 | EO67: =SUM(AB67:AM67) -> 480 | EP67: =SUM(AN67:AY67) -> 983 | EQ67: =SUM(AZ67:BW67) -> 773 | ER67: =SUM(BX67:CU67) -> 612 | ES67: =SUM(CV67:DS67) -> 775 | ET67: =SUM(DT67:EG67) -> 418 | EU67: =SUM(BP67:CK67) -> 556 | EV67: =SUM(CD67:CU67) -> 486 | EX67: =SUM(C67:CO67) -> 3757 | EY67: =SUM(F67:DK67) -> 4311
A68: Alertas | B68: Gubernamental | C68: 32 | D68: 31 | E68: 25 | F68: 30 | G68: 32 | H68: 21 | I68: 19 | J68: 27 | K68: 36 | L68: 23 | M68: 39 | N68: 31 | O68: 0 | P68: 39 | Q68: 56 | R68: 37 | S68: 39 | T68: 28 | U68: 44 | V68: 41 | W68: 30 | X68: 33 | Y68: 38 | Z68: 16 | AA68: 9 | AB68: 20 | AC68: 17 | AD68: 22 | AE68: 15 | AF68: 21 | AG68: 22 | AH68: 22 | AI68: 26 | AJ68: 22 | AK68: 19 | AL68: 21 | AM68: 16 | AN68: 25 | AO68: 26 | AP68: 35 | AQ68: 27 | AR68: 18 | AS68: 28 | AT68: 56 | AU68: 41 | AV68: 60 | AW68: 37 | AX68: 32 | AY68: 27 | AZ68: 14 | BA68: 19 | BB68: 15 | BC68: 11 | BD68: 25 | BE68: 15 | BF68: 19 | BG68: 13 | BH68: 3 | BI68: 3 | BJ68: 0 | BK68: 14 | BL68: 2 | BM68: 5 | BN68: 0 | BO68: 15 | BP68: 14 | BQ68: 9 | BR68: 3 | BS68: 1 | BT68: 2 | BU68: 2 | BV68: 1 | BW68: 0 | BX68: 1 | BY68: 1 | BZ68: 2 | CA68: 1 | CB68: 0 | CC68: 6 | CD68: 3 | CE68: 1 | CF68: 2 | CG68: 3 | CH68: 0 | CI68: 11 | CJ68: 2 | CK68: 0 | CL68: 2 | CM68: 1 | CN68: 5 | CO68: 4 | CP68: 9 | CQ68: 7 | CR68: 2 | CS68: 0 | CT68: 0 | CU68: 6 | CV68: 2 | CW68: 5 | CX68: 3 | CY68: 4 | CZ68: 3 | DA68: 1 | DB68: 4 | DC68: 5 | DD68: 1 | DE68: 3 | DF68: 1 | DG68: 1 | DH68: 0 | DI68: 1 | DJ68: 1 | DK68: 3 | DL68: 0 | DM68: 1 | DN68: 2 | DO68: 0 | DP68: 0 | DQ68: 0 | DR68: 0 | DS68: 0 | DT68: 0 | DU68: 1 | DV68: 0 | DW68: 0 | DX68: 0 | DY68: 0 | DZ68: 0 | EA68: 0 | EB68: 0 | EC68: 1 | ED68: 1 | EE68: 3 | EF68: 3 | EG68: 1 | EH68: =SUM(CP68:EG68) -> 75 | EI68: =SUM(C68:DM68) -> 1724 | EJ68: =SUM(J68:DM68) -> 1534 | EK68: =SUM(DL68:EG68) -> 13 | EL68: =SUM(C68:C68) -> 32 | EM68: =SUM(D68:O68) -> 314 | EN68: =SUM(P68:AA68) -> 410 | EO68: =SUM(AB68:AM68) -> 243 | EP68: =SUM(AN68:AY68) -> 412 | EQ68: =SUM(AZ68:BW68) -> 205 | ER68: =SUM(BX68:CU68) -> 69 | ES68: =SUM(CV68:DS68) -> 41 | ET68: =SUM(DT68:EG68) -> 10 | EU68: =SUM(BP68:CK68) -> 65 | EV68: =SUM(CD68:CU68) -> 58 | EX68: =SUM(C68:CO68) -> 1661 | EY68: =SUM(F68:DK68) -> 1635
A69: Boletines | B69: Gubernamental | C69: 19 | D69: 8 | E69: 18 | F69: 9 | G69: 16 | H69: 6 | I69: 7 | J69: 9 | K69: 17 | L69: 13 | M69: 14 | N69: 11 | O69: 0 | P69: 10 | Q69: 9 | R69: 7 | S69: 20 | T69: 10 | U69: 8 | V69: 28 | W69: 17 | X69: 16 | Y69: 6 | Z69: 12 | AA69: 14 | AB69: 26 | AC69: 20 | AD69: 22 | AE69: 11 | AF69: 17 | AG69: 22 | AH69: 21 | AI69: 22 | AJ69: 20 | AK69: 21 | AL69: 20 | AM69: 15 | AN69: 32 | AO69: 35 | AP69: 39 | AQ69: 42 | AR69: 21 | AS69: 67 | AT69: 58 | AU69: 56 | AV69: 52 | AW69: 65 | AX69: 49 | AY69: 55 | AZ69: 18 | BA69: 32 | BB69: 32 | BC69: 26 | BD69: 23 | BE69: 31 | BF69: 21 | BG69: 36 | BH69: 15 | BI69: 9 | BJ69: 24 | BK69: 25 | BL69: 18 | BM69: 26 | BN69: 0 | BO69: 63 | BP69: 23 | BQ69: 32 | BR69: 28 | BS69: 17 | BT69: 22 | BU69: 7 | BV69: 25 | BW69: 15 | BX69: 15 | BY69: 23 | BZ69: 14 | CA69: 16 | CB69: 14 | CC69: 33 | CD69: 24 | CE69: 26 | CF69: 23 | CG69: 43 | CH69: 21 | CI69: 23 | CJ69: 28 | CK69: 19 | CL69: 18 | CM69: 27 | CN69: 14 | CO69: 35 | CP69: 29 | CQ69: 24 | CR69: 16 | CS69: 24 | CT69: 13 | CU69: 21 | CV69: 13 | CW69: 42 | CX69: 36 | CY69: 33 | CZ69: 25 | DA69: 27 | DB69: 32 | DC69: 20 | DD69: 30 | DE69: 36 | DF69: 48 | DG69: 28 | DH69: 36 | DI69: 34 | DJ69: 34 | DK69: 24 | DL69: 34 | DM69: 26 | DN69: 33 | DO69: 35 | DP69: 34 | DQ69: 15 | DR69: 34 | DS69: 25 | DT69: 22 | DU69: 34 | DV69: 30 | DW69: 22 | DX69: 37 | DY69: 20 | DZ69: 32 | EA69: 36 | EB69: 27 | EC69: 25 | ED69: 35 | EE69: 35 | EF69: 30 | EG69: 23 | EH69: =SUM(CP69:EG69) -> 1269 | EI69: =SUM(C69:DM69) -> 2781 | EJ69: =SUM(J69:DM69) -> 2698 | EK69: =SUM(DL69:EG69) -> 644 | EL69: =SUM(C69:C69) -> 19 | EM69: =SUM(D69:O69) -> 128 | EN69: =SUM(P69:AA69) -> 157 | EO69: =SUM(AB69:AM69) -> 237 | EP69: =SUM(AN69:AY69) -> 571 | EQ69: =SUM(AZ69:BW69) -> 568 | ER69: =SUM(BX69:CU69) -> 543 | ES69: =SUM(CV69:DS69) -> 734 | ET69: =SUM(DT69:EG69) -> 408 | EU69: =SUM(BP69:CK69) -> 491 | EV69: =SUM(CD69:CU69) -> 428 | EX69: =SUM(C69:CO69) -> 2096 | EY69: =SUM(F69:DK69) -> 2676
A70: Gestiones para desactivación de sitios WEB | B70: Desactivación de sitios WEB. | C70: 608 | D70: 446 | E70: 405 | F70: 589 | G70: 555 | H70: 394 | I70: 426 | J70: 269 | K70: 512 | L70: 488 | M70: 456 | N70: 265 | O70: 384 | P70: 382 | Q70: 680 | R70: 484 | S70: 628 | T70: 694 | U70: 627 | V70: 725 | W70: 535 | X70: 416 | Y70: 337 | Z70: 199 | AA70: 213 | AB70: 128 | AC70: 414 | AD70: 546 | AE70: 466 | AF70: 437 | AG70: 541 | AH70: 618 | AI70: 641 | AJ70: 661 | AK70: 479 | AL70: 347 | AM70: 279 | AN70: 511 | AO70: 281 | AP70: 514 | AQ70: 529 | AR70: 372 | AS70: 134 | AT70: 415 | AU70: 532 | AV70: 472 | AW70: 112 | AX70: 252 | AY70: 239 | AZ70: 55 | BA70: 376 | BB70: 160 | BC70: 342 | BD70: 157 | BE70: 349 | BF70: 192 | BG70: 264 | BH70: 20 | BI70: 380 | BJ70: 454 | BK70: 0 | BL70: 420 | BM70: 272 | BN70: 190 | BO70: 189 | BP70: 322 | BQ70: 211 | BR70: 250 | BS70: 217 | BT70: 122 | BU70: 82 | BV70: 98 | BW70: 204 | BX70: 86 | BY70: 45 | BZ70: 79 | CA70: 143 | CB70: 143 | CC70: 113 | CD70: 260 | CE70: 174 | CF70: 157 | CG70: 206 | CH70: 115 | CI70: 151 | CJ70: 226 | CK70: 221 | CL70: 187 | CM70: 264 | CN70: 210 | CO70: 153 | CP70: 204 | CQ70: 314 | CR70: 215 | CS70: 327 | CT70: 187 | CU70: 227 | CV70: 30 | CW70: 299 | CX70: 195 | CY70: 159 | CZ70: 118 | DA70: 113 | DB70: 119 | DC70: 259 | DD70: 90 | DE70: 142 | DF70: 77 | DG70: 45 | DH70: 52 | DI70: 36 | DJ70: 26 | DK70: 162 | DL70: 96 | DM70: 115 | DN70: 0 | DO70: 62 | DP70: 11 | DQ70: 9 | DR70: 2 | DS70: 10 | DT70: 0 | DU70: 104 | DV70: 52 | DW70: 64 | DX70: 107 | DY70: 23 | DZ70: 28 | EA70: 110 | EB70: 51 | EC70: 53 | ED70: 60 | EE70: 26 | EF70: 55 | EG70: 33 | EH70: =SUM(CP70:EG70) -> 4467 | EI70: =SUM(C70:DM70) -> 33503 | EJ70: =SUM(J70:DM70) -> 30080 | EK70: =SUM(DL70:EG70) -> 1071 | EL70: =SUM(C70:C70) -> 608 | EM70: =SUM(D70:O70) -> 5189 | EN70: =SUM(P70:AA70) -> 5920 | EO70: =SUM(AB70:AM70) -> 5557 | EP70: =SUM(AN70:AY70) -> 4363 | EQ70: =SUM(AZ70:BW70) -> 5326 | ER70: =SUM(BX70:CU70) -> 4407 | ES70: =SUM(CV70:DS70) -> 2227 | ET70: =SUM(DT70:EG70) -> 766 | EU70: =SUM(BP70:CK70) -> 3625 | EV70: =SUM(CD70:CU70) -> 3798 | EX70: =SUM(C70:CO70) -> 29896 | EY70: =SUM(F70:DK70) -> 31833
A71: Desactivación de sitios WEB. | B71: Académico | C71: 0 | D71: 0 | E71: 0 | F71: 0 | G71: 0 | H71: 0 | I71: 0 | J71: 0 | K71: 0 | L71: 0 | M71: 0 | N71: 0 | O71: 2 | P71: 0 | Q71: 0 | R71: 0 | S71: 0 | T71: 0 | U71: 0 | V71: 0 | W71: 0 | X71: 0 | Y71: 0 | Z71: 0 | AA71: 0 | AB71: 0 | AC71: 0 | AD71: 0 | AE71: 1 | AF71: 0 | AG71: 0 | AH71: 0 | AI71: 0 | AJ71: 0 | AK71: 0 | AL71: 0 | AM71: 0 | AN71: 0 | AO71: 0 | AP71: 0 | AQ71: 0 | AR71: 0 | AS71: 0 | AT71: 0 | AU71: 0 | AV71: 0 | AW71: 0 | AX71: 0 | AY71: 0 | AZ71: 0 | BA71: 0 | BB71: 0 | BC71: 0 | BD71: 0 | BE71: 0 | BF71: 0 | BG71: 0 | BH71: 0 | BI71: 0 | BJ71: 0 | BK71: 0 | BL71: 0 | BM71: 0 | BN71: 0 | BO71: 0 | BP71: 0 | BQ71: 0 | BR71: 0 | BS71: 0 | BT71: 0 | BU71: 0 | BV71: 0 | BW71: 0 | BX71: 0 | BY71: 0 | BZ71: 0 | CA71: 0 | CB71: 0 | CC71: 0 | CD71: 0 | CE71: 0 | CF71: 0 | CG71: 0 | CH71: 0 | CI71: 0 | CJ71: 0 | CK71: 0 | CL71: 0 | CM71: 0 | CN71: 0 | CO71: 0 | CP71: 0 | CQ71: 0 | CR71: 0 | CS71: 0 | CT71: 0 | CU71: 0 | CV71: 0 | CW71: 0 | CX71: 0 | CY71: 0 | CZ71: 0 | DA71: 0 | DB71: 0 | DC71: 0 | DD71: 0 | DE71: 0 | DF71: 0 | DG71: 0 | DH71: 0 | DI71: 0 | DJ71: 0 | DK71: 2 | DL71: 0 | DM71: 0 | DN71: 0 | DO71: 0 | DP71: 0 | DQ71: 0 | DR71: 0 | DS71: 0 | DT71: 0 | DU71: 0 | DV71: 0 | DW71: 0 | DX71: 0 | DY71: 0 | DZ71: 0 | EA71: 0 | EB71: 0 | EC71: 0 | ED71: 0 | EE71: 0 | EF71: 0 | EG71: 0 | EH71: =SUM(CP71:EG71) -> 2 | EI71: =SUM(C71:DM71) -> 5 | EJ71: =SUM(J71:DM71) -> 5 | EK71: =SUM(DL71:EG71) -> 0 | EL71: =SUM(C71:C71) -> 0 | EM71: =SUM(D71:O71) -> 2 | EN71: =SUM(P71:AA71) -> 0 | EO71: =SUM(AB71:AM71) -> 1 | EP71: =SUM(AN71:AY71) -> 0 | EQ71: =SUM(AZ71:BW71) -> 0 | ER71: =SUM(BX71:CU71) -> 0 | ES71: =SUM(CV71:DS71) -> 2 | ET71: =SUM(DT71:EG71) -> 0 | EU71: =SUM(BP71:CK71) -> 0 | EV71: =SUM(CD71:CU71) -> 0 | EX71: =SUM(C71:CO71) -> 3 | EY71: =SUM(F71:DK71) -> 5 | EZ71: =EY71/EY70 -> 0.00015706971
A72: Desactivación de sitios WEB. | B72: Financiero | C72: 22 | D72: 2 | E72: 7 | F72: 35 | G72: 2 | H72: 15 | I72: 6 | J72: 128 | K72: 71 | L72: 24 | M72: 26 | N72: 0 | O72: 9 | P72: 6 | Q72: 8 | R72: 5 | S72: 19 | T72: 54 | U72: 0 | V72: 37 | W72: 29 | X72: 0 | Y72: 0 | Z72: 0 | AA72: 0 | AB72: 0 | AC72: 0 | AD72: 2 | AE72: 0 | AF72: 0 | AG72: 0 | AH72: 0 | AI72: 0 | AJ72: 0 | AK72: 0 | AL72: 0 | AM72: 35 | AN72: 0 | AO72: 0 | AP72: 0 | AQ72: 1 | AR72: 0 | AS72: 27 | AT72: 9 | AU72: 0 | AV72: 9 | AW72: 0 | AX72: 0 | AY72: 0 | AZ72: 0 | BA72: 0 | BB72: 0 | BC72: 0 | BD72: 0 | BE72: 0 | BF72: 0 | BG72: 0 | BH72: 0 | BI72: 0 | BJ72: 0 | BK72: 0 | BL72: 18 | BM72: 13 | BN72: 2 | BO72: 0 | BP72: 4 | BQ72: 0 | BR72: 0 | BS72: 0 | BT72: 0 | BU72: 0 | BV72: 13 | BW72: 39 | BX72: 0 | BY72: 0 | BZ72: 1 | CA72: 0 | CB72: 0 | CC72: 0 | CD72: 0 | CE72: 0 | CF72: 0 | CG72: 0 | CH72: 0 | CI72: 3 | CJ72: 1 | CK72: 1 | CL72: 33 | CM72: 1 | CN72: 18 | CO72: 26 | CP72: 37 | CQ72: 25 | CR72: 0 | CS72: 9 | CT72: 18 | CU72: 1 | CV72: 0 | CW72: 11 | CX72: 46 | CY72: 45 | CZ72: 99 | DA72: 27 | DB72: 82 | DC72: 148 | DD72: 15 | DE72: 25 | DF72: 4 | DG72: 0 | DH72: 2 | DI72: 2 | DJ72: 0 | DK72: 4 | DL72: 3 | DM72: 0 | DN72: 0 | DO72: 0 | DP72: 0 | DQ72: 0 | DR72: 0 | DS72: 0 | DT72: 0 | DU72: 0 | DV72: 0 | DW72: 1 | DX72: 2 | DY72: 0 | DZ72: 0 | EA72: 0 | EB72: 0 | EC72: 0 | ED72: 0 | EE72: 0 | EF72: 0 | EG72: 0 | EH72: =SUM(CP72:EG72) -> 606 | EI72: =SUM(C72:DM72) -> 1364 | EJ72: =SUM(J72:DM72) -> 1275 | EK72: =SUM(DL72:EG72) -> 6 | EL72: =SUM(C72:C72) -> 22 | EM72: =SUM(D72:O72) -> 325 | EN72: =SUM(P72:AA72) -> 158 | EO72: =SUM(AB72:AM72) -> 37 | EP72: =SUM(AN72:AY72) -> 46 | EQ72: =SUM(AZ72:BW72) -> 89 | ER72: =SUM(BX72:CU72) -> 174 | ES72: =SUM(CV72:DS72) -> 513 | ET72: =SUM(DT72:EG72) -> 3 | EU72: =SUM(BP72:CK72) -> 62 | EV72: =SUM(CD72:CU72) -> 173 | EW72: =41/138 -> 0.29710145 | EX72: =SUM(C72:CO72) -> 761 | EY72: =SUM(F72:DK72) -> 1330 | EZ72: =EY72/EY70 -> 0.041780542
A73: Desactivación de sitios WEB. | B73: Gubernamental | C73: 168 | D73: 97 | E73: 241 | F73: 427 | G73: 298 | H73: 259 | I73: 109 | J73: 103 | K73: 95 | L73: 224 | M73: 379 | N73: 58 | O73: 86 | P73: 116 | Q73: 350 | R73: 254 | S73: 512 | T73: 510 | U73: 372 | V73: 475 | W73: 386 | X73: 321 | Y73: 230 | Z73: 168 | AA73: 86 | AB73: 52 | AC73: 372 | AD73: 544 | AE73: 390 | AF73: 370 | AG73: 320 | AH73: 397 | AI73: 315 | AJ73: 483 | AK73: 305 | AL73: 263 | AM73: 191 | AN73: 462 | AO73: 223 | AP73: 467 | AQ73: 447 | AR73: 337 | AS73: 63 | AT73: 266 | AU73: 301 | AV73: 285 | AW73: 29 | AX73: 196 | AY73: 236 | AZ73: 55 | BA73: 176 | BB73: 94 | BC73: 183 | BD73: 157 | BE73: 161 | BF73: 123 | BG73: 191 | BH73: 19 | BI73: 379 | BJ73: 410 | BK73: 0 | BL73: 359 | BM73: 246 | BN73: 180 | BO73: 135 | BP73: 260 | BQ73: 165 | BR73: 148 | BS73: 164 | BT73: 121 | BU73: 37 | BV73: 39 | BW73: 163 | BX73: 86 | BY73: 45 | BZ73: 78 | CA73: 141 | CB73: 87 | CC73: 113 | CD73: 135 | CE73: 169 | CF73: 135 | CG73: 146 | CH73: 88 | CI73: 124 | CJ73: 223 | CK73: 213 | CL73: 151 | CM73: 247 | CN73: 152 | CO73: 120 | CP73: 167 | CQ73: 289 | CR73: 215 | CS73: 318 | CT73: 168 | CU73: 221 | CV73: 29 | CW73: 288 | CX73: 146 | CY73: 114 | CZ73: 19 | DA73: 85 | DB73: 37 | DC73: 107 | DD73: 74 | DE73: 103 | DF73: 68 | DG73: 36 | DH73: 38 | DI73: 22 | DJ73: 16 | DK73: 142 | DL73: 92 | DM73: 113 | DN73: 0 | DO73: 61 | DP73: 11 | DQ73: 0 | DR73: 2 | DS73: 7 | DT73: 0 | DU73: 99 | DV73: 14 | DW73: 48 | DX73: 100 | DY73: 20 | DZ73: 27 | EA73: 14 | EB73: 49 | EC73: 52 | ED73: 57 | EE73: 14 | EF73: 52 | EG73: 30 | EH73: =SUM(CP73:EG73) -> 3564 | EI73: =SUM(C73:DM73) -> 22963 | EJ73: =SUM(J73:DM73) -> 21364 | EK73: =SUM(DL73:EG73) -> 862 | EL73: =SUM(C73:C73) -> 168 | EM73: =SUM(D73:O73) -> 2376 | EN73: =SUM(P73:AA73) -> 3780 | EO73: =SUM(AB73:AM73) -> 4002 | EP73: =SUM(AN73:AY73) -> 3312 | EQ73: =SUM(AZ73:BW73) -> 3965 | ER73: =SUM(BX73:CU73) -> 3831 | ES73: =SUM(CV73:DS73) -> 1610 | ET73: =SUM(DT73:EG73) -> 576 | EU73: =SUM(BP73:CK73) -> 2880 | EV73: =SUM(CD73:CU73) -> 3281 | EW73: =97/138 -> 0.70289855 | EX73: =SUM(C73:CO73) -> 20056 | EY73: =SUM(F73:DK73) -> 22252 | EZ73: =EY73/EY70 -> 0.69902303
A74: Desactivación de sitios WEB. | B74: Privado | C74: 418 | D74: 347 | E74: 157 | F74: 127 | G74: 255 | H74: 120 | I74: 311 | J74: 38 | K74: 346 | L74: 240 | M74: 51 | N74: 207 | O74: 287 | P74: 260 | Q74: 322 | R74: 225 | S74: 97 | T74: 130 | U74: 255 | V74: 213 | W74: 120 | X74: 95 | Y74: 107 | Z74: 31 | AA74: 127 | AB74: 76 | AC74: 42 | AD74: 0 | AE74: 75 | AF74: 67 | AG74: 221 | AH74: 221 | AI74: 326 | AJ74: 178 | AK74: 174 | AL74: 84 | AM74: 53 | AN74: 49 | AO74: 58 | AP74: 47 | AQ74: 81 | AR74: 35 | AS74: 44 | AT74: 140 | AU74: 231 | AV74: 178 | AW74: 83 | AX74: 56 | AY74: 3 | AZ74: 0 | BA74: 200 | BB74: 66 | BC74: 159 | BD74: 0 | BE74: 188 | BF74: 69 | BG74: 73 | BH74: 1 | BI74: 1 | BJ74: 44 | BK74: 0 | BL74: 43 | BM74: 13 | BN74: 8 | BO74: 54 | BP74: 58 | BQ74: 46 | BR74: 102 | BS74: 53 | BT74: 1 | BU74: 45 | BV74: 46 | BW74: 2 | BX74: 0 | BY74: 0 | BZ74: 0 | CA74: 2 | CB74: 56 | CC74: 0 | CD74: 125 | CE74: 5 | CF74: 22 | CG74: 60 | CH74: 27 | CI74: 24 | CJ74: 2 | CK74: 7 | CL74: 3 | CM74: 16 | CN74: 40 | CO74: 7 | CP74: 0 | CQ74: 0 | CR74: 0 | CS74: 0 | CT74: 1 | CU74: 5 | CV74: 1 | CW74: 0 | CX74: 3 | CY74: 0 | CZ74: 0 | DA74: 1 | DB74: 0 | DC74: 4 | DD74: 1 | DE74: 14 | DF74: 5 | DG74: 9 | DH74: 12 | DI74: 12 | DJ74: 10 | DK74: 14 | DL74: 1 | DM74: 2 | DN74: 0 | DO74: 1 | DP74: 0 | DQ74: 9 | DR74: 0 | DS74: 3 | DT74: 0 | DU74: 5 | DV74: 38 | DW74: 15 | DX74: 5 | DY74: 3 | DZ74: 1 | EA74: 96 | EB74: 2 | EC74: 1 | ED74: 3 | EE74: 12 | EF74: 3 | EG74: 3 | EH74: =SUM(CP74:EG74) -> 295 | EI74: =SUM(C74:DM74) -> 9171 | EJ74: =SUM(J74:DM74) -> 7436 | EK74: =SUM(DL74:EG74) -> 203 | EL74: =SUM(C74:C74) -> 418 | EM74: =SUM(D74:O74) -> 2486 | EN74: =SUM(P74:AA74) -> 1982 | EO74: =SUM(AB74:AM74) -> 1517 | EP74: =SUM(AN74:AY74) -> 1005 | EQ74: =SUM(AZ74:BW74) -> 1272 | ER74: =SUM(BX74:CU74) -> 402 | ES74: =SUM(CV74:DS74) -> 102 | ET74: =SUM(DT74:EG74) -> 187 | EU74: =SUM(BP74:CK74) -> 683 | EV74: =SUM(CD74:CU74) -> 344 | EX74: =SUM(C74:CO74) -> 9076 | EY74: =SUM(F74:DK74) -> 8246 | EZ74: =EY74/EY70 -> 0.25903936
A75: Incidentes de seguridad informática | B75: Incidentes de seguridad | C75: 1578 | D75: 2948 | E75: 3530 | F75: 3242 | G75: 5722 | H75: 5191 | I75: 5246 | J75: 4448 | K75: 3744 | L75: 2560 | M75: 5306 | N75: 4276 | O75: 5443 | P75: 7940 | Q75: 8294 | R75: 25787 | S75: 24383 | T75: 5159 | U75: 9733 | V75: 10770 | W75: 8185 | X75: 13061 | Y75: 7611 | Z75: 7278 | AA75: 5268 | AB75: 1485 | AC75: 974 | AD75: 1704 | AE75: 1812 | AF75: 1833 | AG75: 2752 | AH75: 3834 | AI75: 3855 | AJ75: 2674 | AK75: 3130 | AL75: 1714 | AM75: 2432 | AN75: 2586 | AO75: 2644 | AP75: 2888 | AQ75: 2219 | AR75: 2000 | AS75: 2044 | AT75: 3256 | AU75: 3701 | AV75: 2744 | AW75: 957 | AX75: 580 | AY75: 719 | AZ75: 145 | BA75: 1479 | BB75: 651 | BC75: 963 | BD75: 392 | BE75: 1195 | BF75: 834 | BG75: 877 | BH75: 52 | BI75: 725 | BJ75: 464 | BK75: 457 | BL75: 1610 | BM75: 672 | BN75: 960 | BO75: 1899 | BP75: 2383 | BQ75: 1220 | BR75: 1515 | BS75: 1791 | BT75: 664 | BU75: 4010 | BV75: 6146 | BW75: 4067 | BX75: 2943 | BY75: 10368 | BZ75: 5096 | CA75: 6489 | CB75: 3047 | CC75: 2655 | CD75: 1220 | CE75: 1346 | CF75: 173 | CG75: 250 | CH75: 164 | CI75: 177 | CJ75: 0 | CK75: 310 | CL75: 210 | CM75: 318 | CN75: 254 | CO75: =236+265 -> 501 | CP75: 256 | CQ75: 335 | CR75: 245 | CS75: 337 | CT75: 198 | CU75: 227 | CV75: 44 | CW75: 322 | CX75: 197 | CY75: 159 | CZ75: 126 | DA75: 121 | DB75: 170 | DC75: 289 | DD75: 109 | DE75: 197 | DF75: 81 | DG75: 79 | DH75: 58 | DI75: 58 | DJ75: 26 | DK75: 198 | DL75: 110 | DM75: 159 | DN75: 0 | DO75: 90 | DP75: 11 | DQ75: 13 | DR75: 10 | DS75: 11 | DT75: 0 | DU75: 119 | DV75: 70 | DW75: 67 | DX75: 124 | DY75: 23 | DZ75: 28 | EA75: 110 | EB75: 51 | EC75: 60 | ED75: 61 | EE75: 28 | EF75: 55 | EG75: 33 | EH75: =SUM(CP75:EG75) -> 5065 | EI75: =SUM(C75:DM75) -> 316033 | EJ75: =SUM(J75:DM75) -> 288576 | EK75: =SUM(DL75:EG75) -> 1233 | EL75: =SUM(C75:C75) -> 1578 | EM75: =SUM(D75:O75) -> 51656 | EN75: =SUM(P75:AA75) -> 133469 | EO75: =SUM(AB75:AM75) -> 28199 | EP75: =SUM(AN75:AY75) -> 26338 | EQ75: =SUM(AZ75:BW75) -> 35171 | ER75: =SUM(BX75:CU75) -> 37119 | ES75: =SUM(CV75:DS75) -> 2638 | ET75: =SUM(DT75:EG75) -> 829 | EU75: =SUM(BP75:CK75) -> 56034 | EV75: =SUM(CD75:CU75) -> 6521 | EX75: =SUM(C75:CO75) -> 311932 | EY75: =SUM(F75:DK75) -> 307708
A76: Incidentes de seguridad | B76: Académico | C76: 254 | D76: 418 | E76: 492 | F76: 557 | G76: 1279 | H76: 1578 | I76: 1222 | J76: 380 | K76: 550 | L76: 197 | M76: 1706 | N76: 128 | O76: 185 | P76: 764 | Q76: 1248 | R76: 14017 | S76: 8525 | T76: 243 | U76: 664 | V76: 1058 | W76: 1250 | X76: 1979 | Y76: 1008 | Z76: 902 | AA76: 843 | AB76: 404 | AC76: 440 | AD76: 481 | AE76: 377 | AF76: 593 | AG76: 554 | AH76: 1159 | AI76: 771 | AJ76: 724 | AK76: 1001 | AL76: 324 | AM76: 339 | AN76: 917 | AO76: 276 | AP76: 136 | AQ76: 120 | AR76: 0 | AS76: 432 | AT76: 340 | AU76: 748 | AV76: 433 | AW76: 0 | AX76: 0 | AY76: 0 | AZ76: 0 | BA76: 216 | BB76: 0 | BC76: 120 | BD76: 1 | BE76: 1 | BF76: 0 | BG76: 0 | BH76: 0 | BI76: 0 | BJ76: 0 | BK76: 0 | BL76: 12 | BM76: 0 | BN76: 3 | BO76: 0 | BP76: 22 | BQ76: 4 | BR76: 209 | BS76: 4 | BT76: 1 | BU76: 10 | BV76: 21 | BW76: 5 | BX76: 0 | BY76: 5 | BZ76: 6 | CA76: 12 | CB76: 8 | CC76: 4 | CD76: 0 | CE76: 3 | CF76: 0 | CG76: 0 | CH76: 0 | CI76: 0 | CJ76: 0 | CK76: 0 | CL76: 0 | CM76: 0 | CN76: 0 | CO76: 0 | CP76: 0 | CQ76: 0 | CR76: 0 | CS76: 0 | CT76: 0 | CU76: 0 | CV76: 0 | CW76: 0 | CX76: 0 | CY76: 0 | CZ76: 0 | DA76: 0 | DB76: 0 | DC76: 21 | DD76: 1 | DE76: 0 | DF76: 0 | DG76: 0 | DH76: 0 | DI76: 4 | DJ76: 0 | DK76: 2 | DL76: 10 | DM76: 1 | DN76: 0 | DO76: 0 | DP76: 0 | DQ76: 0 | DR76: 0 | DS76: 0 | DT76: 0 | DU76: 0 | DV76: 3 | DW76: 0 | DX76: 0 | DY76: 0 | DZ76: 0 | EA76: 0 | EB76: 0 | EC76: 0 | ED76: 0 | EE76: 0 | EF76: 0 | EG76: 0 | EH76: =SUM(CP76:EG76) -> 42 | EI76: =SUM(C76:DM76) -> 52722 | EJ76: =SUM(J76:DM76) -> 46922 | EK76: =SUM(DL76:EG76) -> 14 | EL76: =SUM(C76:C76) -> 254 | EM76: =SUM(D76:O76) -> 8692 | EN76: =SUM(P76:AA76) -> 32501 | EO76: =SUM(AB76:AM76) -> 7167 | EP76: =SUM(AN76:AY76) -> 3402 | EQ76: =SUM(AZ76:BW76) -> 629 | ER76: =SUM(BX76:CU76) -> 38 | ES76: =SUM(CV76:DS76) -> 39 | ET76: =SUM(DT76:EG76) -> 3 | EU76: =SUM(BP76:CK76) -> 314 | EV76: =SUM(CD76:CU76) -> 3 | EX76: =SUM(C76:CO76) -> 52683 | EY76: =SUM(F76:DK76) -> 51547
A77: Incidentes de seguridad | B77: Financiero | C77: 22 | D77: 2 | E77: 7 | F77: 35 | G77: 2 | H77: 15 | I77: 6 | J77: 128 | K77: 72 | L77: 24 | M77: 26 | N77: 0 | O77: 9 | P77: 6 | Q77: 8 | R77: 5 | S77: 19 | T77: 54 | U77: 0 | V77: 37 | W77: 35 | X77: 0 | Y77: 0 | Z77: 0 | AA77: 0 | AB77: 0 | AC77: 0 | AD77: 2 | AE77: 0 | AF77: 0 | AG77: 0 | AH77: 0 | AI77: 0 | AJ77: 0 | AK77: 0 | AL77: 0 | AM77: 35 | AN77: 0 | AO77: 0 | AP77: 0 | AQ77: 1 | AR77: 0 | AS77: 27 | AT77: 9 | AU77: 0 | AV77: 9 | AW77: 0 | AX77: 0 | AY77: 0 | AZ77: 0 | BA77: 0 | BB77: 0 | BC77: 0 | BD77: 0 | BE77: 0 | BF77: 0 | BG77: 0 | BH77: 0 | BI77: 0 | BJ77: 0 | BK77: 0 | BL77: 18 | BM77: 13 | BN77: 2 | BO77: 0 | BP77: 4 | BQ77: 0 | BR77: 0 | BS77: 0 | BT77: 0 | BU77: 0 | BV77: 13 | BW77: 39 | BX77: 0 | BY77: 0 | BZ77: 1 | CA77: 0 | CB77: 0 | CC77: 0 | CD77: 0 | CE77: 0 | CF77: 0 | CG77: 0 | CH77: 2 | CI77: 3 | CJ77: 0 | CK77: 1 | CL77: 33 | CM77: 1 | CN77: 18 | CO77: 27 | CP77: 37 | CQ77: 25 | CR77: 0 | CS77: 9 | CT77: 18 | CU77: 1 | CV77: 0 | CW77: 11 | CX77: 46 | CY77: 45 | CZ77: 99 | DA77: 27 | DB77: 83 | DC77: 148 | DD77: 15 | DE77: 25 | DF77: 6 | DG77: 0 | DH77: 2 | DI77: 2 | DJ77: 0 | DK77: 4 | DL77: 3 | DM77: 0 | DN77: 0 | DO77: 0 | DP77: 0 | DQ77: 0 | DR77: 0 | DS77: 0 | DT77: 0 | DU77: 1 | DV77: 0 | DW77: 1 | DX77: 2 | DY77: 0 | DZ77: 0 | EA77: 0 | EB77: 0 | EC77: 0 | ED77: 0 | EE77: 0 | EF77: 0 | EG77: 0 | EH77: =SUM(CP77:EG77) -> 610 | EI77: =SUM(C77:DM77) -> 1376 | EJ77: =SUM(J77:DM77) -> 1287 | EK77: =SUM(DL77:EG77) -> 7 | EL77: =SUM(C77:C77) -> 22 | EM77: =SUM(D77:O77) -> 326 | EN77: =SUM(P77:AA77) -> 164 | EO77: =SUM(AB77:AM77) -> 37 | EP77: =SUM(AN77:AY77) -> 46 | EQ77: =SUM(AZ77:BW77) -> 89 | ER77: =SUM(BX77:CU77) -> 176 | ES77: =SUM(CV77:DS77) -> 516 | ET77: =SUM(DT77:EG77) -> 4 | EU77: =SUM(BP77:CK77) -> 63 | EV77: =SUM(CD77:CU77) -> 175 | EX77: =SUM(C77:CO77) -> 770 | EY77: =SUM(F77:DK77) -> 1342
A78: Incidentes de seguridad | B78: Gubernamental | C78: 249 | D78: 898 | E78: 610 | F78: 852 | G78: 1697 | H78: 1999 | I78: 1129 | J78: 221 | K78: 163 | L78: 245 | M78: 654 | N78: 94 | O78: 244 | P78: 354 | Q78: 644 | R78: 499 | S78: 9850 | T78: 757 | U78: 628 | V78: 644 | W78: 621 | X78: 570 | Y78: 391 | Z78: 298 | AA78: 196 | AB78: 345 | AC78: 448 | AD78: 595 | AE78: 578 | AF78: 404 | AG78: 634 | AH78: 537 | AI78: 1033 | AJ78: 644 | AK78: 333 | AL78: 538 | AM78: 304 | AN78: 471 | AO78: 248 | AP78: 486 | AQ78: 450 | AR78: 345 | AS78: 63 | AT78: 343 | AU78: 302 | AV78: 287 | AW78: 43 | AX78: 209 | AY78: 236 | AZ78: 55 | BA78: 177 | BB78: 95 | BC78: 199 | BD78: 182 | BE78: 440 | BF78: 282 | BG78: 372 | BH78: 19 | BI78: 529 | BJ78: 420 | BK78: 0 | BL78: 453 | BM78: 314 | BN78: 207 | BO78: 180 | BP78: 298 | BQ78: 244 | BR78: 207 | BS78: 450 | BT78: 163 | BU78: 224 | BV78: 192 | BW78: 376 | BX78: 86 | BY78: 127 | BZ78: 157 | CA78: 272 | CB78: 165 | CC78: 154 | CD78: 236 | CE78: 198 | CF78: 149 | CG78: 190 | CH78: 135 | CI78: 150 | CJ78: 0 | CK78: 302 | CL78: 174 | CM78: 301 | CN78: 180 | CO78: =203+262 -> 465 | CP78: 219 | CQ78: 310 | CR78: 245 | CS78: 327 | CT78: 179 | CU78: 221 | CV78: 43 | CW78: 311 | CX78: 148 | CY78: 114 | CZ78: 27 | DA78: 93 | DB78: 86 | DC78: 116 | DD78: 92 | DE78: 151 | DF78: 68 | DG78: 70 | DH78: 38 | DI78: 38 | DJ78: 16 | DK78: 175 | DL78: 94 | DM78: 156 | DN78: 0 | DO78: 89 | DP78: 11 | DQ78: 4 | DR78: 10 | DS78: 8 | DT78: 0 | DU78: 113 | DV78: 28 | DW78: 51 | DX78: 117 | DY78: 20 | DZ78: 27 | EA78: 14 | EB78: 49 | EC78: 59 | ED78: 58 | EE78: 16 | EF78: 52 | EG78: 30 | EH78: =SUM(CP78:EG78) -> 4093 | EI78: =SUM(C78:DM78) -> 47239 | EJ78: =SUM(J78:DM78) -> 39805 | EK78: =SUM(DL78:EG78) -> 1006 | EL78: =SUM(C78:C78) -> 249 | EM78: =SUM(D78:O78) -> 8806 | EN78: =SUM(P78:AA78) -> 15452 | EO78: =SUM(AB78:AM78) -> 6393 | EP78: =SUM(AN78:AY78) -> 3483 | EQ78: =SUM(AZ78:BW78) -> 6078 | ER78: =SUM(BX78:CU78) -> 4942 | ES78: =SUM(CV78:DS78) -> 1958 | ET78: =SUM(DT78:EG78) -> 634 | EU78: =SUM(BP78:CK78) -> 4475 | EV78: =SUM(CD78:CU78) -> 3981 | EX78: =SUM(C78:CO78) -> 43902 | EY78: =SUM(F78:DK78) -> 45232
A79: Incidentes de seguridad | B79: Privado | C79: 1053 | D79: 1630 | E79: 2421 | F79: 1798 | G79: 2744 | H79: 1599 | I79: 2889 | J79: 3719 | K79: 2959 | L79: 2094 | M79: 2920 | N79: 4054 | O79: 5005 | P79: 6816 | Q79: 6394 | R79: 11266 | S79: 5989 | T79: 4105 | U79: 8441 | V79: 9031 | W79: 6279 | X79: 10512 | Y79: 6212 | Z79: 6078 | AA79: 4229 | AB79: 736 | AC79: 86 | AD79: 626 | AE79: 857 | AF79: 836 | AG79: 1564 | AH79: 2138 | AI79: 2051 | AJ79: 1306 | AK79: 1796 | AL79: 852 | AM79: 1754 | AN79: 1198 | AO79: 2120 | AP79: 2266 | AQ79: 1648 | AR79: 1655 | AS79: 1522 | AT79: 2564 | AU79: 2651 | AV79: 2015 | AW79: 914 | AX79: 371 | AY79: 483 | AZ79: 90 | BA79: 1086 | BB79: 556 | BC79: 644 | BD79: 209 | BE79: 754 | BF79: 552 | BG79: 505 | BH79: 33 | BI79: 196 | BJ79: 44 | BK79: 457 | BL79: 1127 | BM79: 345 | BN79: 748 | BO79: 1719 | BP79: 2059 | BQ79: 972 | BR79: 1099 | BS79: 1337 | BT79: 500 | BU79: 3776 | BV79: 5920 | BW79: 3647 | BX79: 2857 | BY79: 10236 | BZ79: 4932 | CA79: 6205 | CB79: 2874 | CC79: 2497 | CD79: 984 | CE79: 1145 | CF79: 24 | CG79: 60 | CH79: 27 | CI79: 24 | CJ79: 0 | CK79: 7 | CL79: 3 | CM79: 16 | CN79: 56 | CO79: =7+2 -> 9 | CP79: 0 | CQ79: 0 | CR79: 0 | CS79: 1 | CT79: 1 | CU79: 5 | CV79: 1 | CW79: 0 | CX79: 3 | CY79: 0 | CZ79: 0 | DA79: 1 | DB79: 1 | DC79: 4 | DD79: 1 | DE79: 21 | DF79: 7 | DG79: 9 | DH79: 18 | DI79: 14 | DJ79: 10 | DK79: 17 | DL79: 3 | DM79: 2 | DN79: 0 | DO79: 1 | DP79: 0 | DQ79: 9 | DR79: 0 | DS79: 3 | DT79: 0 | DU79: 5 | DV79: 39 | DW79: 15 | DX79: 5 | DY79: 3 | DZ79: 1 | EA79: 96 | EB79: 2 | EC79: 1 | ED79: 3 | EE79: 12 | EF79: 3 | EG79: 3 | EH79: =SUM(CP79:EG79) -> 320 | EI79: =SUM(C79:DM79) -> 214696 | EJ79: =SUM(J79:DM79) -> 200562 | EK79: =SUM(DL79:EG79) -> 206 | EL79: =SUM(C79:C79) -> 1053 | EM79: =SUM(D79:O79) -> 33832 | EN79: =SUM(P79:AA79) -> 85352 | EO79: =SUM(AB79:AM79) -> 14602 | EP79: =SUM(AN79:AY79) -> 19407 | EQ79: =SUM(AZ79:BW79) -> 28375 | ER79: =SUM(BX79:CU79) -> 31963 | ES79: =SUM(CV79:DS79) -> 125 | ET79: =SUM(DT79:EG79) -> 188 | EU79: =SUM(BP79:CK79) -> 51182 | EV79: =SUM(CD79:CU79) -> 2362 | EX79: =SUM(C79:CO79) -> 214577 | EY79: =SUM(F79:DK79) -> 209587
A80: Ejercicios de Crisis | B80: Taller | C80: 0 | D80: 0 | E80: 0 | F80: 0 | G80: 0 | H80: 0 | I80: 0 | J80: 0 | K80: 0 | L80: 0 | M80: 0 | N80: 0 | O80: 0 | P80: 0 | Q80: 0 | R80: 0 | S80: 0 | T80: 0 | U80: 0 | V80: 0 | W80: 0 | X80: 0 | Y80: 0 | Z80: 0 | AA80: 0 | AB80: 0 | AC80: 0 | AD80: 0 | AE80: 0 | AF80: 0 | AG80: 0 | AH80: 0 | AI80: 0 | AJ80: 0 | AK80: 0 | AL80: 0 | AM80: 0 | AN80: 0 | AO80: 0 | AP80: 0 | AQ80: 0 | AR80: 0 | AS80: 0 | AT80: 0 | AU80: 0 | AV80: 1 | AW80: 3 | AX80: 0 | AY80: 0 | AZ80: 0 | BA80: 0 | BB80: 0 | BC80: 0 | BD80: 0 | BE80: 0 | BF80: 0 | BG80: 0 | BH80: 0 | BI80: 0 | BJ80: 0 | BK80: 0 | BL80: 0 | BM80: 1 | BN80: 0 | BO80: 0 | BP80: 0 | BQ80: 0 | BR80: 1 | BS80: 0 | BT80: 0 | BU80: 0 | BV80: 0 | BW80: 0 | BX80: 0 | BY80: 0 | BZ80: 0 | CA80: 0 | CB80: 0 | CC80: 0 | CD80: 0 | CE80: 0 | CF80: 0 | CG80: 0 | CH80: 0 | CI80: 0 | CJ80: 0 | CK80: 0 | CL80: 0 | CM80: 0 | CN80: 0 | CO80: 0 | CP80: 0 | CQ80: 0 | CR80: 0 | CS80: 0 | CT80: 0 | CU80: 0 | CV80: 0 | CW80: 0 | CX80: 0 | CY80: 0 | CZ80: 0 | DA80: 0 | DB80: 0 | DC80: 0 | DD80: 0 | DE80: 0 | DF80: 0 | DG80: 0 | DH80: 0 | DI80: 0 | DJ80: 2 | DK80: 2 | DL80: 0 | DM80: 3 | DN80: 0 | DO80: 0 | DP80: 0 | DQ80: 0 | DR80: 0 | DS80: 0 | DT80: 0 | DU80: 0 | DV80: 0 | DW80: 0 | DX80: 0 | DY80: 0 | DZ80: 0 | EA80: 0 | EB80: 0 | EC80: 0 | ED80: 0 | EE80: 0 | EF80: 0 | EG80: 0 | EH80: =SUM(CP80:EG80) -> 7 | EI80: =SUM(C80:DM80) -> 13 | EJ80: =SUM(J80:DM80) -> 13 | EK80: =SUM(DL80:EG80) -> 3 | EL80: =SUM(C80:C80) -> 0 | EM80: =SUM(D80:O80) -> 0 | EN80: =SUM(P80:AA80) -> 0 | EO80: =SUM(AB80:AM80) -> 0 | EP80: =SUM(AN80:AY80) -> 4 | EQ80: =SUM(AZ80:BW80) -> 2 | ER80: =SUM(BX80:CU80) -> 0 | ES80: =SUM(CV80:DS80) -> 7 | ET80: =SUM(DT80:EG80) -> 0 | EU80: =SUM(BP80:CK80) -> 1 | EV80: =SUM(CD80:CU80) -> 0 | EX80: =SUM(C80:CO80) -> 6 | EY80: =SUM(F80:DK80) -> 10
A81: Ejercicios de Crisis | B81: Personas capacitadas | C81: 0 | D81: 0 | E81: 0 | F81: 0 | G81: 0 | H81: 0 | I81: 0 | J81: 0 | K81: 0 | L81: 0 | M81: 0 | N81: 0 | O81: 0 | P81: 0 | Q81: 0 | R81: 0 | S81: 0 | T81: 0 | U81: 0 | V81: 0 | W81: 0 | X81: 0 | Y81: 0 | Z81: 0 | AA81: 0 | AB81: 0 | AC81: 0 | AD81: 0 | AE81: 0 | AF81: 0 | AG81: 0 | AH81: 0 | AI81: 0 | AJ81: 0 | AK81: 0 | AL81: 0 | AM81: 0 | AN81: 0 | AO81: 0 | AP81: 0 | AQ81: 0 | AR81: 0 | AS81: 0 | AT81: 0 | AU81: 0 | AV81: 59 | AW81: 186 | AX81: 0 | AY81: 0 | AZ81: 0 | BA81: 0 | BB81: 0 | BC81: 0 | BD81: 0 | BE81: 0 | BF81: 0 | BG81: 0 | BH81: 0 | BI81: 0 | BJ81: 0 | BK81: 0 | BL81: 0 | BM81: 82 | BN81: 0 | BO81: 0 | BP81: 0 | BQ81: 0 | BR81: 368 | BS81: 0 | BT81: 0 | BU81: 0 | BV81: 0 | BW81: 0 | BX81: 0 | BY81: 0 | BZ81: 0 | CA81: 0 | CB81: 0 | CC81: 0 | CD81: 0 | CE81: 0 | CF81: 0 | CG81: 0 | CH81: 0 | CI81: 0 | CJ81: 0 | CK81: 0 | CL81: 0 | CM81: 0 | CN81: 0 | CO81: 0 | CP81: 0 | CQ81: 0 | CR81: 0 | CS81: 0 | CT81: 0 | CU81: 0 | CV81: 0 | CW81: 0 | CX81: 0 | CY81: 0 | CZ81: 0 | DA81: 0 | DB81: 0 | DC81: 0 | DD81: 0 | DE81: 0 | DF81: 0 | DG81: 0 | DH81: 0 | DI81: 0 | DJ81: 59 | DK81: 93 | DL81: 0 | DM81: 187 | DN81: 0 | DO81: 0 | DP81: 0 | DQ81: 0 | DR81: 0 | DS81: 0 | DT81: 0 | DU81: 0 | DV81: 0 | DW81: 0 | DX81: 0 | DY81: 0 | DZ81: 0 | EA81: 0 | EB81: 0 | EC81: 0 | ED81: 0 | EE81: 0 | EF81: 0 | EG81: 0 | EH81: =SUM(CP81:EG81) -> 339 | EI81: =SUM(C81:DM81) -> 1034 | EJ81: =SUM(J81:DM81) -> 1034 | EK81: =SUM(DL81:EG81) -> 187 | EL81: =SUM(C81:C81) -> 0 | EM81: =SUM(D81:O81) -> 0 | EN81: =SUM(P81:AA81) -> 0 | EO81: =SUM(AB81:AM81) -> 0 | EP81: =SUM(AN81:AY81) -> 245 | EQ81: =SUM(AZ81:BW81) -> 450 | ER81: =SUM(BX81:CU81) -> 0 | ES81: =SUM(CV81:DS81) -> 339 | ET81: =SUM(DT81:EG81) -> 0 | EU81: =SUM(BP81:CK81) -> 368 | EV81: =SUM(CD81:CU81) -> 0 | EX81: =SUM(C81:CO81) -> 695 | EY81: =SUM(F81:DK81) -> 847
A82: Protocolo Nacional Homologado para la Gestión de Incidentes Cibernéticos (PNHIC) | B82: Talleres | C82: 0 | D82: 0 | E82: 0 | F82: 0 | G82: 0 | H82: 0 | I82: 0 | J82: 0 | K82: 0 | L82: 0 | M82: 0 | N82: 0 | O82: 0 | P82: 0 | Q82: 0 | R82: 0 | S82: 0 | T82: 0 | U82: 0 | V82: 0 | W82: 0 | X82: 0 | Y82: 0 | Z82: 0 | AA82: 0 | AB82: 0 | AC82: 0 | AD82: 0 | AE82: 2 | AF82: 1 | AG82: 1 | AH82: 0 | AI82: 0 | AJ82: 0 | AK82: 1 | AL82: 1 | AM82: 0 | AN82: 0 | AO82: 1 | AP82: 0 | AQ82: 0 | AR82: 3 | AS82: 2 | AT82: 2 | AU82: 0 | AV82: 1 | AW82: 0 | AX82: 1 | AY82: 0 | AZ82: 0 | BA82: 0 | BB82: 0 | BC82: 0 | BD82: 0 | BE82: 0 | BF82: 1 | BG82: 0 | BH82: 0 | BI82: 0 | BJ82: 0 | BK82: 2 | BL82: 0 | BM82: 0 | BN82: 0 | BO82: 0 | BP82: 0 | BQ82: 0 | BR82: 0 | BS82: 1 | BT82: 0 | BU82: 0 | BV82: 0 | BW82: 0 | BX82: 0 | BY82: 0 | BZ82: 0 | CA82: 0 | CB82: 0 | CC82: 0 | CD82: 0 | CE82: 1 | CF82: 0 | CG82: 0 | CH82: 0 | CI82: 0 | CJ82: 0 | CK82: 0 | CL82: 0 | CM82: 1 | CN82: 0 | CO82: 0 | CP82: 0 | CQ82: 0 | CR82: 0 | CS82: 0 | CT82: 0 | CU82: 0 | CV82: 0 | CW82: 3 | CX82: 0 | CY82: 0 | CZ82: 0 | DA82: 2 | DB82: 2 | DC82: 0 | DD82: 0 | DE82: 0 | DF82: 0 | DG82: 0 | DH82: 0 | DI82: 0 | DJ82: 2 | DK82: 2 | DL82: 0 | DM82: 0 | DN82: 0 | DO82: 0 | DP82: 0 | DQ82: 0 | DR82: 0 | DS82: 0 | DT82: 0 | DU82: 0 | DV82: 0 | DW82: 0 | DX82: 0 | DY82: 0 | DZ82: 0 | EA82: 0 | EB82: 0 | EC82: 0 | ED82: 0 | EE82: 0 | EF82: 0 | EG82: 0 | EH82: =SUM(CP82:EG82) -> 11 | EI82: =SUM(C82:DM82) -> 33 | EJ82: =SUM(J82:DM82) -> 33 | EK82: =SUM(DL82:EG82) -> 0 | EL82: =SUM(C82:C82) -> 0 | EM82: =SUM(D82:O82) -> 0 | EN82: =SUM(P82:AA82) -> 0 | EO82: =SUM(AB82:AM82) -> 6 | EP82: =SUM(AN82:AY82) -> 10 | EQ82: =SUM(AZ82:BW82) -> 4 | ER82: =SUM(BX82:CU82) -> 2 | ES82: =SUM(CV82:DS82) -> 11 | ET82: =SUM(DT82:EG82) -> 0 | EU82: =SUM(BP82:CK82) -> 2 | EV82: =SUM(CD82:CU82) -> 2 | EX82: =SUM(C82:CO82) -> 22 | EY82: =SUM(F82:DK82) -> 33
A83: Protocolo Nacional Homologado para la Gestión de Incidentes Cibernéticos (PNHIC) | B83: Personas capacitadas | C83: 0 | D83: 0 | E83: 0 | F83: 0 | G83: 0 | H83: 0 | I83: 0 | J83: 0 | K83: 0 | L83: 0 | M83: 0 | N83: 0 | O83: 0 | P83: 0 | Q83: 0 | R83: 0 | S83: 0 | T83: 0 | U83: 0 | V83: 0 | W83: 0 | X83: 0 | Y83: 0 | Z83: 0 | AA83: 0 | AB83: 0 | AC83: 0 | AD83: 0 | AE83: 50 | AF83: 25 | AG83: 20 | AH83: 0 | AI83: 0 | AJ83: 0 | AK83: 39 | AL83: 20 | AM83: 0 | AN83: 0 | AO83: 80 | AP83: 0 | AQ83: 0 | AR83: 70 | AS83: 36 | AT83: 64 | AU83: 0 | AV83: 54 | AW83: 0 | AX83: 13 | AY83: 0 | AZ83: 0 | BA83: 0 | BB83: 0 | BC83: 0 | BD83: 0 | BE83: 0 | BF83: 100 | BG83: 0 | BH83: 0 | BI83: 0 | BJ83: 0 | BK83: 111 | BL83: 0 | BM83: 0 | BN83: 0 | BO83: 0 | BP83: 0 | BQ83: 0 | BR83: 0 | BS83: 35 | BT83: 0 | BU83: 0 | BV83: 0 | BW83: 0 | BX83: 0 | BY83: 0 | BZ83: 0 | CA83: 0 | CB83: 0 | CC83: 0 | CD83: 0 | CE83: 28 | CF83: 0 | CG83: 0 | CH83: 0 | CI83: 0 | CJ83: 0 | CK83: 0 | CL83: 0 | CM83: 47 | CN83: 0 | CO83: 0 | CP83: 0 | CQ83: 0 | CR83: 0 | CS83: 0 | CT83: 0 | CU83: 0 | CV83: 0 | CW83: 85 | CX83: 0 | CY83: 0 | CZ83: 0 | DA83: 16 | DB83: 4 | DC83: 0 | DD83: 0 | DE83: 0 | DF83: 0 | DG83: 0 | DH83: 0 | DI83: 0 | DJ83: 59 | DK83: 93 | DL83: 0 | DM83: 0 | DN83: 0 | DO83: 0 | DP83: 0 | DQ83: 0 | DR83: 0 | DS83: 0 | DT83: 0 | DU83: 0 | DV83: 0 | DW83: 0 | DX83: 0 | DY83: 0 | DZ83: 0 | EA83: 0 | EB83: 0 | EC83: 0 | ED83: 0 | EE83: 0 | EF83: 0 | EG83: 0 | EH83: =SUM(CP83:EG83) -> 257 | EI83: =SUM(C83:DM83) -> 1049 | EJ83: =SUM(J83:DM83) -> 1049 | EK83: =SUM(DL83:EG83) -> 0 | EL83: =SUM(C83:C83) -> 0 | EM83: =SUM(D83:O83) -> 0 | EN83: =SUM(P83:AA83) -> 0 | EO83: =SUM(AB83:AM83) -> 154 | EP83: =SUM(AN83:AY83) -> 317 | EQ83: =SUM(AZ83:BW83) -> 246 | ER83: =SUM(BX83:CU83) -> 75 | ES83: =SUM(CV83:DS83) -> 257 | ET83: =SUM(DT83:EG83) -> 0 | EU83: =SUM(BP83:CK83) -> 63 | EV83: =SUM(CD83:CU83) -> 75 | EX83: =SUM(C83:CO83) -> 792 | EY83: =SUM(F83:DK83) -> 1049
A84: Campaña de Concientización de Ciberseguridad | B84: Visualizaciones | C84: 2221884 | D84: 1222217 | E84: 1061542 | F84: 1112892 | G84: 1146110 | H84: 5911243 | I84: 2974069 | J84: 4167200 | K84: 7234628 | L84: 9208441 | M84: 18745033 | N84: 12391996 | O84: 16684546 | P84: 8996004 | Q84: 5527719 | R84: 6307170 | S84: 7322540 | T84: 8890616 | U84: 14600688 | V84: 23832184 | W84: 12700304 | X84: 9127384 | Y84: 17473373 | Z84: 9803379 | AA84: 13233356 | AB84: 9433880 | AC84: 10422275 | AD84: 6400473 | AE84: 6772078 | AF84: 13496251 | AG84: 13349486 | AH84: 12575504 | AI84: 21014364 | AJ84: 20168400 | AK84: 16546234 | AL84: 40911645 | AM84: 59459456 | AN84: 68419489 | AO84: 33222931 | AP84: 26767978 | AQ84: 51858480 | AR84: 58978792 | AS84: 72001536 | AT84: 67109798 | AU84: 77238131 | AV84: 105100640 | AW84: 43562323 | AX84: 23703878 | AY84: 16143026 | AZ84: 8136512 | BA84: 12578407 | BB84: 11504726 | BC84: 16977557 | BD84: 8522907 | BE84: 8638971 | BF84: 8523854 | BG84: 10359775 | BH84: 2162629 | BI84: 8247386 | BJ84: 22699000 | BK84: 22004197 | BL84: 20868352 | BM84: 28084299 | BN84: 20250851 | BO84: 21875528 | BP84: 40298638 | BQ84: 20928510 | BR84: 21776884 | BS84: 90097194 | BT84: 8514395 | BU84: 26464587 | BV84: 6605085 | BW84: 24385322 | BX84: 29323508 | BY84: 28203025 | BZ84: 18167985 | CA84: 8837459.5 | CB84: 6123840 | CC84: 0 | CD84: 801373 | CE84: 1162399 | CF84: 5188460 | CG84: 6225624 | CH84: 11559111 | CI84: 22789542 | CJ84: 30088527 | CK84: 22284029 | CL84: 21308915 | CM84: 31533550 | CN84: 15938626 | CO84: 23732254 | CP84: 10830537 | CQ84: 25100423 | CR84: 8366834 | CS84: 32299247 | CT84: 16011986 | CU84: 17568994 | CV84: 5857556 | CW84: 25672511 | CX84: 9461448 | CY84: 12865526 | CZ84: 12723748 | DA84: 15997298 | DB84: 20383882 | DC84: 14986375 | DD84: 19863595 | DE84: 27770416 | DF84: 25889212 | DG84: 34555949 | DH84: 39802221 | DI84: 30986592 | DJ84: 14393266 | DK84: 17141897 | DL84: 22658778 | DM84: 23645054 | DN84: 31352908 | DO84: 20584732 | DP84: 9297155.5 | DQ84: 23876160 | DR84: 15747102 | DS84: 20471803 | DT84: 12265694 | DU84: 11820643 | DV84: 15746663 | DW84: 17337656 | DX84: 16724964 | DY84: 18299079 | DZ84: 15818264 | EA84: 16988167 | EB84: 0 | EC84: 0 | ED84: 20974526 | EE84: 16361452 | EF84: 12849194 | EG84: 0 | EH84: =SUM(CP84:EG84) -> 781349506 | EI84: =SUM(C84:DM84) -> 2.3351607e+09 | EJ84: =SUM(J84:DM84) -> 2.3195107e+09 | EK84: =SUM(DL84:EG84) -> 342819994 | EL84: =SUM(C84:C84) -> 2221884 | EM84: =SUM(D84:O84) -> 81859917 | EN84: =SUM(P84:AA84) -> 137814717 | EO84: =SUM(AB84:AM84) -> 230550046 | EP84: =SUM(AN84:AY84) -> 644107002 | EQ84: =SUM(AZ84:BW84) -> 470505566 | ER84: =SUM(BX84:CU84) -> 3.9344625e+08 | ES84: =SUM(CV84:DS84) -> 495985183 | ET84: =SUM(DT84:EG84) -> 175186302 | EU84: =SUM(BP84:CK84) -> 4.298255e+08 | EV84: =SUM(CD84:CU84) -> 302790431 | EX84: =SUM(C84:CO84) -> 1.8503274e+09 | EY84: =SUM(F84:DK84) -> 2.2843512e+09
A85: Campaña de Concientización de Ciberseguridad | B85: Personas Impactadas por medios digitales | C85: 0 | D85: 20 | E85: 2983 | F85: 11127 | G85: 12529 | H85: 15483 | I85: 23983 | J85: 8975 | K85: 4339 | L85: 2380 | M85: 17643 | N85: 41934 | O85: 14270 | P85: 2402 | Q85: 4340 | R85: 4266 | S85: 433 | T85: 6910 | U85: 29609 | V85: 1595 | W85: 503 | X85: 120 | Y85: 6794 | Z85: 1815 | AA85: 2133 | AB85: 1146 | AC85: 17398 | AD85: 20165 | AE85: 2273 | AF85: 4269 | AG85: 722 | AH85: 2383 | AI85: 398 | AJ85: 1094 | AK85: 1120 | AL85: 6539 | AM85: 1579 | AN85: 637 | AO85: 167 | AP85: 126 | AQ85: 720 | AR85: 2792 | AS85: 1107 | AT85: 16714 | AU85: 1552 | AV85: 4143 | AW85: 9087 | AX85: 4881 | AY85: 1756 | AZ85: 217 | BA85: 655 | BB85: 260 | BC85: 3062 | BD85: =270+368+20+53 -> 711 | BE85: 591 | BF85: 5361 | BG85: 3551 | BH85: 2645 | BI85: 3910 | BJ85: 3362 | BK85: 3168 | BL85: 3068 | BM85: 425 | BN85: 651 | BO85: 1799 | BP85: 2219 | BQ85: 1017 | BR85: 7441 | BS85: 9362 | BT85: 628 | BU85: 5520 | BV85: 3321 | BW85: 425 | BX85: 336 | BY85: 71 | BZ85: 2745 | CA85: 2858 | CB85: 1538 | CC85: 0 | CD85: 38 | CE85: 83 | CF85: 900 | CG85: 120 | CH85: 778 | CI85: 741 | CJ85: 334 | CK85: 5916 | CL85: 149 | CM85: 161 | CN85: 128 | CO85: 540 | CP85: 611 | CQ85: 238 | CR85: 0 | CS85: 6324 | CT85: 5961 | CU85: 3100 | CV85: 0 | CW85: =85+22 -> 107 | CX85: 106 | CY85: 7229 | CZ85: 4260 | DA85: 1772 | DB85: 619 | DC85: 266 | DD85: 148 | DE85: 478 | DF85: 469 | DG85: 0 | DH85: 166 | DI85: 206 | DJ85: 651 | DK85: 707 | DL85: 450 | DM85: 66 | DN85: 27520 | DO85: 1064 | DP85: 355 | DQ85: 1995 | DR85: 14458 | DS85: 136 | DT85: 0 | DU85: 213 | DV85: 875 | DW85: 1347 | DX85: 637 | DY85: 334 | DZ85: 0 | EA85: 25 | EB85: 20 | EC85: 234 | ED85: 41 | EE85: 248 | EF85: 0 | EG85: 0 | EH85: =SUM(CP85:EG85) -> 83436 | EI85: =SUM(C85:DM85) -> 434093 | EJ85: =SUM(J85:DM85) -> 367968 | EK85: =SUM(DL85:EG85) -> 50018 | EL85: =SUM(C85:C85) -> 0 | EM85: =SUM(D85:O85) -> 155666 | EN85: =SUM(P85:AA85) -> 60920 | EO85: =SUM(AB85:AM85) -> 59086 | EP85: =SUM(AN85:AY85) -> 43682 | EQ85: =SUM(AZ85:BW85) -> 63369 | ER85: =SUM(BX85:CU85) -> 33670 | ES85: =SUM(CV85:DS85) -> 63228 | ET85: =SUM(DT85:EG85) -> 3974 | EU85: =SUM(BP85:CK85) -> 46391 | EV85: =SUM(CD85:CU85) -> 26122 | EX85: =SUM(C85:CO85) -> 400159 | EY85: =SUM(F85:DK85) -> 430574
A86: Campaña de Concientización de Ciberseguridad | B86: Eventos | C86: 0 | D86: 1 | E86: 4 | F86: 47 | G86: 40 | H86: 45 | I86: 45 | J86: 23 | K86: 18 | L86: 6 | M86: 22 | N86: 22 | O86: 16 | P86: 8 | Q86: 11 | R86: 18 | S86: 4 | T86: 5 | U86: 14 | V86: 6 | W86: 3 | X86: 2 | Y86: 6 | Z86: 5 | AA86: 5 | AB86: 4 | AC86: 6 | AD86: 4 | AE86: 5 | AF86: 17 | AG86: 5 | AH86: 12 | AI86: 5 | AJ86: 17 | AK86: 12 | AL86: 40 | AM86: 5 | AN86: 5 | AO86: 1 | AP86: 5 | AQ86: 5 | AR86: 17 | AS86: 11 | AT86: 25 | AU86: 10 | AV86: 12 | AW86: 62 | AX86: 16 | AY86: 11 | AZ86: 2 | BA86: 12 | BB86: 5 | BC86: 7 | BD86: 8 | BE86: 3 | BF86: 8 | BG86: 23 | BH86: 11 | BI86: 12 | BJ86: 10 | BK86: 9 | BL86: 8 | BM86: 4 | BN86: 5 | BO86: 11 | BP86: 4 | BQ86: 8 | BR86: 23 | BS86: 31 | BT86: 3 | BU86: 18 | BV86: 16 | BW86: 5 | BX86: 5 | BY86: 3 | BZ86: 5 | CA86: 12 | CB86: 6 | CC86: 0 | CD86: 5 | CE86: 5 | CF86: 1 | CG86: 1 | CH86: 18 | CI86: 8 | CJ86: 3 | CK86: 5 | CL86: 2 | CM86: 2 | CN86: 3 | CO86: 5 | CP86: 8 | CQ86: 2 | CR86: 0 | CS86: 16 | CT86: 23 | CU86: 13 | CV86: 0 | CW86: 6 | CX86: 2 | CY86: 6 | CZ86: 7 | DA86: 12 | DB86: 18 | DC86: 5 | DD86: 2 | DE86: 4 | DF86: 7 | DG86: 0 | DH86: 2 | DI86: 3 | DJ86: 15 | DK86: 6 | DL86: 1 | DM86: 1 | DN86: 18 | DO86: 5 | DP86: 6 | DQ86: 3 | DR86: 15 | DS86: 1 | DT86: 0 | DU86: 3 | DV86: 2 | DW86: 4 | DX86: 3 | DY86: 2 | DZ86: 0 | EA86: 1 | EB86: 1 | EC86: 4 | ED86: 6 | EE86: 4 | EF86: 0 | EG86: 0 | EH86: =SUM(CP86:EG86) -> 237 | EI86: =SUM(C86:DM86) -> 1182 | EJ86: =SUM(J86:DM86) -> 1000 | EK86: =SUM(DL86:EG86) -> 80 | EL86: =SUM(C86:C86) -> 0 | EM86: =SUM(D86:O86) -> 289 | EN86: =SUM(P86:AA86) -> 87 | EO86: =SUM(AB86:AM86) -> 132 | EP86: =SUM(AN86:AY86) -> 180 | EQ86: =SUM(AZ86:BW86) -> 246 | ER86: =SUM(BX86:CU86) -> 151 | ES86: =SUM(CV86:DS86) -> 145 | ET86: =SUM(DT86:EG86) -> 30 | EU86: =SUM(BP86:CK86) -> 185 | EV86: =SUM(CD86:CU86) -> 120 | EX86: =SUM(C86:CO86) -> 1023 | EY86: =SUM(F86:DK86) -> 1175
A87: Campaña de Concientización de Ciberseguridad | B87: Eventos- Taller | C87: 0 | D87: 0 | E87: 0 | F87: 0 | G87: 0 | H87: 0 | I87: 0 | J87: 0 | K87: 0 | L87: 0 | M87: 0 | N87: 0 | O87: 0 | P87: 0 | Q87: 0 | R87: 0 | S87: 0 | T87: 0 | U87: 0 | V87: 0 | W87: 0 | X87: 0 | Y87: 0 | Z87: 0 | AA87: 0 | AB87: 0 | AC87: 1 | AD87: 1 | AE87: 0 | AF87: 0 | AG87: 0 | AH87: 0 | AI87: 0 | AJ87: 0 | AK87: 0 | AL87: 0 | AM87: 0 | AN87: 0 | AO87: 0 | AP87: 0 | AQ87: 0 | AR87: 0 | AS87: 0 | AT87: 0 | AU87: 0 | AV87: 0 | AW87: 16 | AX87: 0 | AY87: 0 | AZ87: 0 | BA87: 10 | BB87: 5 | BC87: 5 | BD87: 5 | BE87: 0 | BF87: 2 | BG87: 0 | BH87: 0 | BI87: 1 | BJ87: 0 | BK87: 2 | BL87: 0 | BM87: 0 | BN87: 0 | BO87: 5 | BP87: 0 | BQ87: 0 | BR87: 11 | BS87: 8 | BT87: 0 | BU87: 0 | BV87: 2 | BW87: 0 | BX87: 0 | BY87: 2 | BZ87: 0 | CA87: 0 | CB87: 0 | CC87: 0 | CD87: 5 | CE87: 5 | CF87: 0 | CG87: 0 | CH87: 6 | CI87: 1 | CJ87: 1 | CK87: 0 | CL87: 0 | CM87: 1 | CN87: 0 | CO87: 4 | CP87: 1 | CQ87: 1 | CR87: 0 | CS87: 0 | CT87: 5 | CU87: 0 | CV87: 0 | CW87: 6 | CX87: 0 | CY87: 4 | CZ87: 0 | DA87: 5 | DB87: 6 | DC87: 0 | DD87: 0 | DE87: 0 | DF87: 0 | DG87: 0 | DH87: 0 | DI87: 1 | DJ87: 14 | DK87: 5 | DL87: 0 | DM87: 1 | DN87: 0 | DO87: 0 | DP87: 0 | DQ87: 1 | DR87: 1 | DS87: 1 | DT87: 0 | DU87: 0 | DV87: 0 | DW87: 0 | DX87: 0 | DY87: 0 | DZ87: 0 | EA87: 1 | EB87: 0 | EC87: 1 | ED87: 5 | EE87: 1 | EF87: 0 | EG87: 0 | EH87: =SUM(CP87:EG87) -> 60 | EI87: =SUM(C87:DM87) -> 148 | EJ87: =SUM(J87:DM87) -> 148 | EK87: =SUM(DL87:EG87) -> 12 | EL87: =SUM(C87:C87) -> 0 | EM87: =SUM(D87:O87) -> 0 | EN87: =SUM(P87:AA87) -> 0 | EO87: =SUM(AB87:AM87) -> 2 | EP87: =SUM(AN87:AY87) -> 16 | EQ87: =SUM(AZ87:BW87) -> 56 | ER87: =SUM(BX87:CU87) -> 32 | ES87: =SUM(CV87:DS87) -> 45 | ET87: =SUM(DT87:EG87) -> 8 | EU87: =SUM(BP87:CK87) -> 41 | EV87: =SUM(CD87:CU87) -> 30 | EX87: =SUM(C87:CO87) -> 99 | EY87: =SUM(F87:DK87) -> 147
A88: Campaña de Concientización de Ciberseguridad | B88: Eventos-Platica | C88: 0 | D88: 0 | E88: 0 | F88: 0 | G88: 0 | H88: 0 | I88: 0 | J88: 0 | K88: 0 | L88: 0 | M88: 0 | N88: 0 | O88: 0 | P88: 0 | Q88: 0 | R88: 0 | S88: 0 | T88: 0 | U88: 0 | V88: 0 | W88: 0 | X88: 0 | Y88: 0 | Z88: 0 | AA88: 0 | AB88: 1 | AC88: 0 | AD88: 1 | AE88: 4 | AF88: 12 | AG88: 0 | AH88: 1 | AI88: 0 | AJ88: 0 | AK88: 1 | AL88: 13 | AM88: 1 | AN88: 1 | AO88: 0 | AP88: 0 | AQ88: 0 | AR88: 0 | AS88: 0 | AT88: 3 | AU88: 1 | AV88: 0 | AW88: 34 | AX88: 1 | AY88: 2 | AZ88: 0 | BA88: 0 | BB88: 0 | BC88: 0 | BD88: 1 | BE88: 2 | BF88: 3 | BG88: 19 | BH88: 7 | BI88: 1 | BJ88: 3 | BK88: 4 | BL88: 2 | BM88: 2 | BN88: 4 | BO88: 3 | BP88: 0 | BQ88: 0 | BR88: 0 | BS88: 7 | BT88: 0 | BU88: 17 | BV88: 7 | BW88: 3 | BX88: 5 | BY88: 1 | BZ88: 5 | CA88: 12 | CB88: 6 | CC88: 0 | CD88: 0 | CE88: 0 | CF88: 1 | CG88: 1 | CH88: 12 | CI88: 6 | CJ88: 2 | CK88: 2 | CL88: 2 | CM88: 1 | CN88: 3 | CO88: 1 | CP88: 7 | CQ88: 1 | CR88: 0 | CS88: 12 | CT88: 15 | CU88: 12 | CV88: 0 | CW88: 0 | CX88: 2 | CY88: 1 | CZ88: 6 | DA88: 7 | DB88: 11 | DC88: 5 | DD88: 2 | DE88: 3 | DF88: 6 | DG88: 0 | DH88: 2 | DI88: 2 | DJ88: 1 | DK88: 1 | DL88: 1 | DM88: 0 | DN88: 0 | DO88: 3 | DP88: 4 | DQ88: 0 | DR88: 11 | DS88: 0 | DT88: 0 | DU88: 1 | DV88: 2 | DW88: 4 | DX88: 2 | DY88: 2 | DZ88: 0 | EA88: 0 | EB88: 1 | EC88: 3 | ED88: 1 | EE88: 3 | EF88: 0 | EG88: 0 | EH88: =SUM(CP88:EG88) -> 134 | EI88: =SUM(C88:DM88) -> 318 | EJ88: =SUM(J88:DM88) -> 318 | EK88: =SUM(DL88:EG88) -> 38 | EL88: =SUM(C88:C88) -> 0 | EM88: =SUM(D88:O88) -> 0 | EN88: =SUM(P88:AA88) -> 0 | EO88: =SUM(AB88:AM88) -> 34 | EP88: =SUM(AN88:AY88) -> 42 | EQ88: =SUM(AZ88:BW88) -> 85 | ER88: =SUM(BX88:CU88) -> 107 | ES88: =SUM(CV88:DS88) -> 68 | ET88: =SUM(DT88:EG88) -> 19 | EU88: =SUM(BP88:CK88) -> 87 | EV88: =SUM(CD88:CU88) -> 78 | EX88: =SUM(C88:CO88) -> 221 | EY88: =SUM(F88:DK88) -> 317
A89: Campaña de Concientización de Ciberseguridad | B89: Eventos-Conferencia | C89: 0 | D89: 1 | E89: 4 | F89: 47 | G89: 40 | H89: 45 | I89: 45 | J89: 23 | K89: 18 | L89: 6 | M89: 22 | N89: 22 | O89: 16 | P89: 8 | Q89: 11 | R89: 18 | S89: 4 | T89: 5 | U89: 14 | V89: 6 | W89: 3 | X89: 2 | Y89: 6 | Z89: 5 | AA89: 5 | AB89: 3 | AC89: 5 | AD89: 2 | AE89: 1 | AF89: 5 | AG89: 5 | AH89: 11 | AI89: 5 | AJ89: 17 | AK89: 11 | AL89: 27 | AM89: 4 | AN89: 4 | AO89: 1 | AP89: 5 | AQ89: 5 | AR89: 17 | AS89: 11 | AT89: 20 | AU89: 9 | AV89: 12 | AW89: 0 | AX89: 15 | AY89: 9 | AZ89: 0 | BA89: 0 | BB89: 0 | BC89: 2 | BD89: 0 | BE89: 1 | BF89: 3 | BG89: 3 | BH89: 4 | BI89: 10 | BJ89: 7 | BK89: 2 | BL89: 4 | BM89: 1 | BN89: 1 | BO89: 3 | BP89: 4 | BQ89: 8 | BR89: 8 | BS89: 1 | BT89: 0 | BU89: 1 | BV89: 1 | BW89: 0 | BX89: 0 | BY89: 0 | BZ89: 0 | CA89: 0 | CB89: 0 | CC89: 0 | CD89: 0 | CE89: 0 | CF89: 0 | CG89: 0 | CH89: 0 | CI89: 0 | CJ89: 0 | CK89: 3 | CL89: 0 | CM89: 0 | CN89: 0 | CO89: 0 | CP89: 0 | CQ89: 0 | CR89: 0 | CS89: 1 | CT89: 0 | CU89: 0 | CV89: 0 | CW89: 0 | CX89: 0 | CY89: 1 | CZ89: 1 | DA89: 0 | DB89: 1 | DC89: 0 | DD89: 0 | DE89: 1 | DF89: 0 | DG89: 0 | DH89: 0 | DI89: 0 | DJ89: 0 | DK89: 0 | DL89: 0 | DM89: 0 | DN89: 14 | DO89: 1 | DP89: 0 | DQ89: 1 | DR89: 0 | DS89: 0 | DT89: 0 | DU89: 1 | DV89: 0 | DW89: 0 | DX89: 0 | DY89: 0 | DZ89: 0 | EA89: 0 | EB89: 0 | EC89: 0 | ED89: 0 | EE89: 0 | EF89: 0 | EG89: 0 | EH89: =SUM(CP89:EG89) -> 22 | EI89: =SUM(C89:DM89) -> 652 | EJ89: =SUM(J89:DM89) -> 470 | EK89: =SUM(DL89:EG89) -> 17 | EL89: =SUM(C89:C89) -> 0 | EM89: =SUM(D89:O89) -> 289 | EN89: =SUM(P89:AA89) -> 87 | EO89: =SUM(AB89:AM89) -> 96 | EP89: =SUM(AN89:AY89) -> 108 | EQ89: =SUM(AZ89:BW89) -> 64 | ER89: =SUM(BX89:CU89) -> 4 | ES89: =SUM(CV89:DS89) -> 20 | ET89: =SUM(DT89:EG89) -> 1 | EU89: =SUM(BP89:CK89) -> 26 | EV89: =SUM(CD89:CU89) -> 4 | EX89: =SUM(C89:CO89) -> 647 | EY89: =SUM(F89:DK89) -> 647
A90: Campaña de Concientización de Ciberseguridad | B90: Eventos- Panel | C90: 0 | D90: 0 | E90: 0 | F90: 0 | G90: 0 | H90: 0 | I90: 0 | J90: 0 | K90: 0 | L90: 0 | M90: 0 | N90: 0 | O90: 0 | P90: 0 | Q90: 0 | R90: 0 | S90: 0 | T90: 0 | U90: 0 | V90: 0 | W90: 0 | X90: 0 | Y90: 0 | Z90: 0 | AA90: 0 | AB90: 0 | AC90: 0 | AD90: 0 | AE90: 0 | AF90: 0 | AG90: 0 | AH90: 0 | AI90: 0 | AJ90: 0 | AK90: 0 | AL90: 0 | AM90: 0 | AN90: 0 | AO90: 0 | AP90: 0 | AQ90: 0 | AR90: 0 | AS90: 0 | AT90: 0 | AU90: 0 | AV90: 0 | AW90: 12 | AX90: 0 | AY90: 0 | AZ90: 2 | BA90: 2 | BB90: 0 | BC90: 0 | BD90: 2 | BE90: 0 | BF90: 0 | BG90: 0 | BH90: 0 | BI90: 0 | BJ90: 0 | BK90: 0 | BL90: 2 | BM90: 1 | BN90: 0 | BO90: 0 | BP90: 0 | BQ90: 0 | BR90: 4 | BS90: 15 | BT90: 3 | BU90: 0 | BV90: 6 | BW90: 2 | BX90: 0 | BY90: 0 | BZ90: 0 | CA90: 0 | CB90: 0 | CC90: 0 | CD90: 0 | CE90: 0 | CF90: 0 | CG90: 0 | CH90: 0 | CI90: 1 | CJ90: 0 | CK90: 0 | CL90: 0 | CM90: 0 | CN90: 0 | CO90: 0 | CP90: 0 | CQ90: 0 | CR90: 0 | CS90: 3 | CT90: 3 | CU90: 1 | CV90: 0 | CW90: 0 | CX90: 0 | CY90: 0 | CZ90: 0 | DA90: 0 | DB90: 0 | DC90: 0 | DD90: 0 | DE90: 0 | DF90: 1 | DG90: 0 | DH90: 0 | DI90: 0 | DJ90: 0 | DK90: 0 | DL90: 0 | DM90: 0 | DN90: 4 | DO90: 1 | DP90: 2 | DQ90: 1 | DR90: 3 | DS90: 0 | DT90: 0 | DU90: 1 | DV90: 0 | DW90: 0 | DX90: 1 | DY90: 0 | DZ90: 0 | EA90: 0 | EB90: 0 | EC90: 0 | ED90: 0 | EE90: 0 | EF90: 0 | EG90: 0 | EH90: =SUM(CP90:EG90) -> 21 | EI90: =SUM(C90:DM90) -> 60 | EJ90: =SUM(J90:DM90) -> 60 | EK90: =SUM(DL90:EG90) -> 13 | EL90: =SUM(C90:C90) -> 0 | EM90: =SUM(D90:O90) -> 0 | EN90: =SUM(P90:AA90) -> 0 | EO90: =SUM(AB90:AM90) -> 0 | EP90: =SUM(AN90:AY90) -> 12 | EQ90: =SUM(AZ90:BW90) -> 39 | ER90: =SUM(BX90:CU90) -> 8 | ES90: =SUM(CV90:DS90) -> 12 | ET90: =SUM(DT90:EG90) -> 2 | EU90: =SUM(BP90:CK90) -> 31 | EV90: =SUM(CD90:CU90) -> 8 | EX90: =SUM(C90:CO90) -> 52 | EY90: =SUM(F90:DK90) -> 60
A91: Campaña de Concientización de Ciberseguridad | B91: Eventos- Stand | C91: 0 | D91: 0 | E91: 0 | F91: 0 | G91: 0 | H91: 0 | I91: 0 | J91: 0 | K91: 0 | L91: 0 | M91: 0 | N91: 0 | O91: 0 | P91: 0 | Q91: 0 | R91: 0 | S91: 0 | T91: 0 | U91: 0 | V91: 0 | W91: 0 | X91: 0 | Y91: 0 | Z91: 0 | AA91: 0 | AB91: 0 | AC91: 0 | AD91: 0 | AE91: 0 | AF91: 0 | AG91: 0 | AH91: 0 | AI91: 0 | AJ91: 0 | AK91: 0 | AL91: 0 | AM91: 0 | AN91: 0 | AO91: 0 | AP91: 0 | AQ91: 0 | AR91: 0 | AS91: 0 | AT91: 2 | AU91: 0 | AV91: 0 | AW91: 0 | AX91: 0 | AY91: 0 | AZ91: 0 | BA91: 0 | BB91: 0 | BC91: 0 | BD91: 0 | BE91: 0 | BF91: 0 | BG91: 1 | BH91: 0 | BI91: 0 | BJ91: 0 | BK91: 1 | BL91: 0 | BM91: 0 | BN91: 0 | BO91: 0 | BP91: 0 | BQ91: 0 | BR91: 0 | BS91: 0 | BT91: 0 | BU91: 0 | BV91: 0 | BW91: 0 | BX91: 0 | BY91: 0 | BZ91: 0 | CA91: 0 | CB91: 0 | CC91: 0 | CD91: 0 | CE91: 0 | CF91: 0 | CG91: 0 | CH91: 0 | CI91: 0 | CJ91: 0 | CK91: 0 | CL91: 0 | CM91: 0 | CN91: 0 | CO91: 0 | CP91: 0 | CQ91: 0 | CR91: 0 | CS91: 0 | CT91: 0 | CU91: 0 | CV91: 0 | CW91: 0 | CX91: 0 | CY91: 0 | CZ91: 0 | DA91: 0 | DB91: 0 | DC91: 0 | DD91: 0 | DE91: 0 | DF91: 0 | DG91: 0 | DH91: 0 | DI91: 0 | DJ91: 0 | DK91: 0 | DL91: 0 | DM91: 0 | DN91: 0 | DO91: 0 | DP91: 0 | DQ91: 0 | DR91: 0 | DS91: 0 | DT91: 0 | DU91: 0 | DV91: 0 | DW91: 0 | DX91: 0 | DY91: 0 | DZ91: 0 | EA91: 0 | EB91: 0 | EC91: 0 | ED91: 0 | EE91: 0 | EF91: 0 | EG91: 0 | EH91: =SUM(CP91:EG91) -> 0 | EI91: =SUM(C91:DM91) -> 4 | EJ91: =SUM(J91:DM91) -> 4 | EK91: =SUM(DL91:EG91) -> 0 | EL91: =SUM(C91:C91) -> 0 | EM91: =SUM(D91:O91) -> 0 | EN91: =SUM(P91:AA91) -> 0 | EO91: =SUM(AB91:AM91) -> 0 | EP91: =SUM(AN91:AY91) -> 2 | EQ91: =SUM(AZ91:BW91) -> 2 | ER91: =SUM(BX91:CU91) -> 0 | ES91: =SUM(CV91:DS91) -> 0 | ET91: =SUM(DT91:EG91) -> 0 | EU91: =SUM(BP91:CK91) -> 0 | EV91: =SUM(CD91:CU91) -> 0 | EX91: =SUM(C91:CO91) -> 4 | EY91: =SUM(F91:DK91) -> 4
A92: Jornada Nacional Antifraude Cibernético | B92: Visualizaciones | C92: 0 | D92: 0 | E92: 0 | F92: 0 | G92: 0 | H92: 0 | I92: 0 | J92: 0 | K92: 0 | L92: 0 | M92: 0 | N92: 0 | O92: 0 | P92: 0 | Q92: 0 | R92: 0 | S92: 0 | T92: 0 | U92: 0 | V92: 0 | W92: 0 | X92: 0 | Y92: 0 | Z92: 0 | AA92: 0 | AB92: 109000000 | AC92: 0 | AD92: 0 | AE92: 0 | AF92: 0 | AG92: 0 | AH92: 0 | AI92: 0 | AJ92: 0 | AK92: 0 | AL92: 26985874 | AM92: 30931661 | AN92: 38925806 | AO92: 0 | AP92: 0 | AQ92: 0 | AR92: 0 | AS92: 0 | AT92: 0 | AU92: 0 | AV92: 0 | AW92: 0 | AX92: 0 | AY92: 0 | AZ92: 0 | BA92: 0 | BB92: 0 | BC92: 0 | BD92: 0 | BE92: 0 | BF92: 0 | BG92: 0 | BH92: 0 | BI92: 0 | BJ92: 0 | BK92: 0 | BL92: 0 | BM92: 0 | BN92: 0 | BO92: 0 | BP92: 0 | BQ92: 0 | BR92: 0 | BS92: 0 | BT92: 0 | BU92: 0 | BV92: 0 | BW92: 0 | BX92: 0 | BY92: 0 | BZ92: 0 | CA92: 0 | CB92: 0 | CC92: 0 | CD92: 0 | CE92: 0 | CF92: 0 | CG92: 0 | CH92: 0 | CI92: 0 | CJ92: 0 | CK92: 0 | CL92: 0 | CM92: 0 | CN92: 0 | CO92: 0 | CP92: 0 | CQ92: 0 | CR92: 0 | CS92: 16441643 | CT92: 15070896 | CU92: 5659259 | CV92: 3436070 | CW92: 4933292 | CX92: 6383935 | CY92: 0 | CZ92: 0 | DA92: 0 | DB92: 0 | DC92: 0 | DD92: 0 | DE92: 0 | DF92: 0 | DG92: 0 | DH92: 0 | DI92: 0 | DJ92: 0 | DK92: 0 | DL92: 0 | DM92: 0 | DN92: 0 | DO92: 0 | DP92: 0 | DQ92: 0 | DR92: =10428636+6003089 -> 16431725 | DS92: 7458994 | DT92: 12747947 | DU92: 9684517 | DV92: 8645031 | DW92: 8968364 | DX92: 4201634 | DY92: 4840844 | DZ92: 8734477 | EA92: 8948605 | EB92: 0 | EC92: 0 | ED92: 12199980 | EE92: 6267081 | EF92: 5632742 | EG92: 0 | EH92: =SUM(CP92:EG92) -> 166687036 | EI92: =SUM(C92:DM92) -> 257768436 | EJ92: =SUM(J92:DM92) -> 257768436 | EK92: =SUM(DL92:EG92) -> 114761941 | EL92: =SUM(C92:C92) -> 0 | EM92: =SUM(D92:O92) -> 0 | EN92: =SUM(P92:AA92) -> 0 | EO92: =SUM(AB92:AM92) -> 166917535 | EP92: =SUM(AN92:AY92) -> 38925806 | EQ92: =SUM(AZ92:BW92) -> 0 | ER92: =SUM(BX92:CU92) -> 37171798 | ES92: =SUM(CV92:DS92) -> 38644016 | ET92: =SUM(DT92:EG92) -> 90871222 | EU92: =SUM(BP92:CK92) -> 0 | EV92: =SUM(CD92:CU92) -> 37171798 | EX92: =SUM(C92:CO92) -> 205843341 | EY92: =SUM(F92:DK92) -> 257768436
A93: Jornada Nacional Antifraude Cibernético | B93: Panel | C93: 0 | D93: 0 | E93: 0 | F93: 0 | G93: 0 | H93: 0 | I93: 0 | J93: 0 | K93: 0 | L93: 0 | M93: 0 | N93: 0 | O93: 0 | P93: 0 | Q93: 0 | R93: 0 | S93: 0 | T93: 0 | U93: 0 | V93: 0 | W93: 0 | X93: 0 | Y93: 0 | Z93: 0 | AA93: 0 | AB93: 5198 | AC93: 0 | AD93: 0 | AE93: 0 | AF93: 0 | AG93: 0 | AH93: 0 | AI93: 0 | AJ93: 0 | AK93: 0 | AL93: 554 | AM93: 1572 | AN93: 846 | AO93: 0 | AP93: 0 | AQ93: 0 | AR93: 0 | AS93: 0 | AT93: 0 | AU93: 0 | AV93: 0 | AW93: 0 | AX93: 2 | AY93: 3 | AZ93: 4 | BA93: 0 | BB93: 0 | BC93: 0 | BD93: 0 | BE93: 0 | BF93: 0 | BG93: 0 | BH93: 0 | BI93: 0 | BJ93: 0 | BK93: 0 | BL93: 0 | BM93: 0 | BN93: 0 | BO93: 0 | BP93: 0 | BQ93: 0 | BR93: 0 | BS93: 0 | BT93: 0 | BU93: 0 | BV93: 4 | BW93: 3 | BX93: 0 | BY93: 0 | BZ93: 0 | CA93: 0 | CB93: 0 | CC93: 0 | CD93: 0 | CE93: 0 | CF93: 0 | CG93: 0 | CH93: 0 | CI93: 0 | CJ93: 0 | CK93: 0 | CL93: 0 | CM93: 0 | CN93: 0 | CO93: 0 | CP93: 0 | CQ93: 0 | CR93: 0 | CS93: 3 | CT93: 3 | CU93: 1 | CV93: 0 | CW93: 0 | CX93: 0 | CY93: 0 | CZ93: 0 | DA93: 0 | DB93: 0 | DC93: 0 | DD93: 0 | DE93: 0 | DF93: 0 | DG93: 0 | DH93: 0 | DI93: 0 | DJ93: 0 | DK93: 0 | DL93: 0 | DM93: 0 | DN93: 0 | DO93: 0 | DP93: 0 | DQ93: 1 | DR93: 3 | DS93: 0 | DT93: 0 | DU93: 0 | DV93: 0 | DW93: 0 | DX93: 0 | DY93: 0 | DZ93: 0 | EA93: 0 | EB93: 0 | EC93: 0 | ED93: 0 | EE93: 0 | EF93: 0 | EG93: 0 | EH93: =SUM(CP93:EG93) -> 11 | EI93: =SUM(C93:DM93) -> 8193 | EJ93: =SUM(J93:DM93) -> 8193 | EK93: =SUM(DL93:EG93) -> 4 | EL93: =SUM(C93:C93) -> 0 | EM93: =SUM(D93:O93) -> 0 | EN93: =SUM(P93:AA93) -> 0 | EO93: =SUM(AB93:AM93) -> 7324 | EP93: =SUM(AN93:AY93) -> 851 | EQ93: =SUM(AZ93:BW93) -> 11 | ER93: =SUM(BX93:CU93) -> 7 | ES93: =SUM(CV93:DS93) -> 4 | ET93: =SUM(DT93:EG93) -> 0 | EU93: =SUM(BP93:CK93) -> 7 | EV93: =SUM(CD93:CU93) -> 7 | EX93: =SUM(C93:CO93) -> 8186 | EY93: =SUM(F93:DK93) -> 8193
A94: Jornada Nacional Antifraude Cibernético | B94: participantes -conexiones- | C94: 0 | D94: 0 | E94: 0 | F94: 0 | G94: 0 | H94: 0 | I94: 0 | J94: 0 | K94: 0 | L94: 0 | M94: 0 | N94: 0 | O94: 0 | P94: 0 | Q94: 0 | R94: 0 | S94: 0 | T94: 0 | U94: 0 | V94: 0 | W94: 0 | X94: 0 | Y94: 0 | Z94: 0 | AA94: 0 | AB94: 0 | AC94: 0 | AD94: 0 | AE94: 0 | AF94: 0 | AG94: 0 | AH94: 0 | AI94: 0 | AJ94: 0 | AK94: 0 | AL94: 0 | AM94: 0 | AN94: 0 | AO94: 0 | AP94: 0 | AQ94: 0 | AR94: 0 | AS94: 0 | AT94: 0 | AU94: 0 | AV94: 0 | AW94: 0 | AX94: 1711 | AY94: 211 | AZ94: 331 | BA94: 0 | BB94: 0 | BC94: 0 | BD94: 0 | BE94: 0 | BF94: 0 | BG94: 0 | BH94: 0 | BI94: 0 | BJ94: 0 | BK94: 0 | BL94: 0 | BM94: 0 | BN94: 0 | BO94: 0 | BP94: 0 | BQ94: 0 | BR94: 0 | BS94: 0 | BT94: 0 | BU94: 0 | BV94: 566 | BW94: 272 | BX94: 0 | BY94: 0 | BZ94: 0 | CA94: 0 | CB94: 0 | CC94: 0 | CD94: 0 | CE94: 0 | CF94: 0 | CG94: 0 | CH94: 0 | CI94: 0 | CJ94: 0 | CK94: 0 | CL94: 0 | CM94: 0 | CN94: 0 | CO94: 0 | CP94: 0 | CQ94: 0 | CR94: 0 | CS94: 4994 | CT94: 4724 | CU94: 2484 | CV94: 0 | CW94: 0 | CX94: 0 | CY94: 0 | CZ94: 0 | DA94: 0 | DB94: 0 | DC94: 0 | DD94: 0 | DE94: 0 | DF94: 0 | DG94: 0 | DH94: 0 | DI94: 0 | DJ94: 0 | DK94: 0 | DL94: 0 | DM94: 0 | DN94: 0 | DO94: 0 | DP94: 0 | DQ94: 1561 | DR94: 24100 | DS94: 0 | DT94: 0 | DU94: 0 | DV94: 0 | DW94: 0 | DX94: 0 | DY94: 0 | DZ94: 0 | EA94: 0 | EB94: 0 | EC94: 0 | ED94: 0 | EE94: 0 | EF94: 0 | EG94: 0 | EH94: =SUM(CP94:EG94) -> 37863 | EI94: =SUM(C94:DM94) -> 15293 | EJ94: =SUM(J94:DM94) -> 15293 | EK94: =SUM(DL94:EG94) -> 25661 | EL94: =SUM(C94:C94) -> 0 | EM94: =SUM(D94:O94) -> 0 | EN94: =SUM(P94:AA94) -> 0 | EO94: =SUM(AB94:AM94) -> 0 | EP94: =SUM(AN94:AY94) -> 1922 | EQ94: =SUM(AZ94:BW94) -> 1169 | ER94: =SUM(BX94:CU94) -> 12202 | ES94: =SUM(CV94:DS94) -> 25661 | ET94: =SUM(DT94:EG94) -> 0 | EU94: =SUM(BP94:CK94) -> 838 | EV94: =SUM(CD94:CU94) -> 12202 | EX94: =SUM(C94:CO94) -> 3091 | EY94: =SUM(F94:DK94) -> 15293
A95: Jornada Nacional Antifraude Cibernético | B95: mensajes/infografias | C95: N/A | D95: N/A | E95: N/A | F95: N/A | G95: N/A | H95: N/A | I95: N/A | J95: N/A | K95: N/A | L95: N/A | M95: N/A | N95: N/A | O95: N/A | P95: N/A | Q95: N/A | R95: N/A | S95: N/A | T95: N/A | U95: N/A | V95: N/A | W95: N/A | X95: N/A | Y95: N/A | Z95: N/A | AA95: N/A | AB95: N/A | AC95: N/A | AD95: N/A | AE95: N/A | AF95: N/A | AG95: N/A | AH95: N/A | AI95: N/A | AJ95: N/A | AK95: N/A | AL95: N/A | AM95: N/A | AN95: N/A | AO95: N/A | AP95: N/A | AQ95: N/A | AR95: N/A | AS95: N/A | AT95: N/A | AU95: N/A | AV95: N/A | AW95: N/A | AX95: N/A | AY95: N/A | AZ95: N/A | BA95: N/A | BB95: N/A | BC95: N/A | BD95: N/A | BE95: N/A | BF95: N/A | BG95: N/A | BH95: N/A | BI95: N/A | BJ95: N/A | BK95: N/A | BL95: N/A | BM95: N/A | BN95: N/A | BO95: N/A | BP95: N/A | BQ95: N/A | BR95: N/A | BS95: N/A | BT95: N/A | BU95: N/A | BV95: N/A | BW95: N/A | BX95: N/A | BY95: N/A | BZ95: N/A | CA95: N/A | CB95: N/A | CC95: N/A | CD95: N/A | CE95: N/A | CF95: N/A | CG95: N/A | CH95: N/A | CI95: N/A | CJ95: N/A | CK95: N/A | CL95: N/A | CM95: N/A | CN95: N/A | CO95: N/A | CP95: N/A | CQ95: N/A | CR95: N/A | CS95: N/A | CT95: N/A | CU95: N/A | CV95: 29 | CW95: N/A | CX95: N/A | CY95: 0 | CZ95: 0 | DA95: 0 | DB95: 0 | DC95: 0 | DD95: 0 | DE95: 0 | DF95: 0 | DG95: 0 | DH95: 0 | DI95: 0 | DJ95: 0 | DK95: 0 | DL95: 0 | DM95: 0 | DN95: 0 | DO95: 0 | DP95: 0 | DQ95: 0 | DR95: 57 | DS95: 16 | DT95: 66 | DU95: 0 | DV95: 0 | DW95: 0 | DX95: 0 | DY95: 0 | DZ95: 0 | EA95: 0 | EB95: 0 | EC95: 0 | ED95: 0 | EE95: 0 | EF95: 0 | EG95: 0 | EH95: =SUM(CP95:EG95) -> 168 | EI95: =SUM(C95:DM95) -> 29 | EJ95: =SUM(J95:DM95) -> 29 | EK95: =SUM(DL95:EG95) -> 139 | ES95: =SUM(CV95:DS95) -> 102 | ET95: =SUM(DT95:EG95) -> 66 | EY95: =SUM(F95:DK95) -> 29
A96: Jornada Nacional Antifraude Cibernético | B96: Desactivación de sitios WEB. | C96: 0 | D96: 0 | E96: 0 | F96: 0 | G96: 0 | H96: 0 | I96: 0 | J96: 0 | K96: 0 | L96: 0 | M96: 0 | N96: 0 | O96: 0 | P96: 0 | Q96: 0 | R96: 0 | S96: 0 | T96: 0 | U96: 0 | V96: 0 | W96: 0 | X96: 0 | Y96: 0 | Z96: 0 | AA96: 0 | AB96: 788 | AC96: 0 | AD96: 0 | AE96: 0 | AF96: 0 | AG96: 0 | AH96: 0 | AI96: 0 | AJ96: 0 | AK96: 0 | AL96: 202 | AM96: 495 | AN96: 266 | AO96: N/A | AP96: N/A | AQ96: N/A | AR96: N/A | AS96: N/A | AT96: N/A | AU96: N/A | AV96: N/A | AW96: N/A | AX96: N/A | AY96: N/A | AZ96: N/A | BA96: N/A | BB96: N/A | BC96: N/A | BD96: N/A | BE96: N/A | BF96: N/A | BG96: N/A | BH96: N/A | BI96: N/A | BJ96: N/A | BK96: N/A | BL96: N/A | BM96: N/A | BN96: N/A | BO96: N/A | BP96: N/A | BQ96: N/A | BR96: N/A | BS96: N/A | BT96: N/A | BU96: N/A | BV96: N/A | BW96: N/A | BX96: N/A | BY96: N/A | BZ96: N/A | CA96: N/A | CB96: N/A | CC96: N/A | CD96: N/A | CE96: N/A | CF96: N/A | CG96: N/A | CH96: N/A | CI96: N/A | CJ96: N/A | CK96: N/A | CL96: N/A | CM96: N/A | CN96: N/A | CO96: N/A | CP96: N/A | CQ96: N/A | CR96: N/A | CS96: N/A | CT96: N/A | CU96: N/A | CV96: N/A | CW96: N/A | CX96: N/A | CY96: 0 | CZ96: 0 | DA96: 0 | DB96: 0 | DC96: 0 | DD96: 0 | DE96: 0 | DF96: 0 | DG96: 0 | DH96: 0 | DI96: 0 | DJ96: 0 | DK96: 0 | DL96: 0 | DM96: 0 | DN96: 0 | DO96: 0 | DP96: 0 | DQ96: 0 | DR96: 0 | DS96: 0 | DT96: 0 | DU96: 0 | DV96: 0 | DW96: 0 | DX96: 0 | DY96: 0 | DZ96: 0 | EA96: 0 | EB96: 0 | EC96: 0 | ED96: 0 | EE96: 0 | EF96: 0 | EG96: 0 | EH96: =SUM(CP96:EG96) -> 0 | EI96: =SUM(C96:DM96) -> 1751 | EJ96: =SUM(J96:DM96) -> 1751 | EK96: =SUM(DL96:EG96) -> 0 | EL96: =SUM(C96:C96) -> 0 | EM96: =SUM(D96:O96) -> 0 | EN96: =SUM(P96:AA96) -> 0 | EO96: =SUM(AB96:AM96) -> 1485 | EP96: =SUM(AN96:AY96) -> 266 | EQ96: =SUM(AZ96:BW96) -> 0 | ER96: =SUM(BX96:CU96) -> 0 | ES96: =SUM(CV96:DS96) -> 0 | ET96: =SUM(DT96:EG96) -> 0 | EU96: =SUM(BP96:CK96) -> 0 | EV96: =SUM(CD96:CU96) -> 0 | EX96: =SUM(C96:CO96) -> 1751 | EY96: =SUM(F96:DK96) -> 1751
A99: COOPERACIÓN INTERNACIONAL
A101: Ciberseguridad | B101: Concepto | C101: 43435 | D101: 43466 | E101: 43497 | F101: 43525 | G101: 43556 | H101: 43586 | I101: 43617 | J101: 43647 | K101: 43678 | L101: 43709 | M101: 43739 | N101: 43770 | O101: 43800 | P101: 43831 | Q101: 43862 | R101: 43891 | S101: 43922 | T101: 43952 | U101: 43983 | V101: 44013 | W101: 44044 | X101: 44075 | Y101: 44105 | Z101: 44136 | AA101: 44166 | AB101: 44197 | AC101: 44228 | AD101: 44256 | AE101: 44287 | AF101: 44317 | AG101: 44348 | AH101: 44378 | AI101: 44409 | AJ101: 44440 | AK101: 44470 | AL101: 44501 | AM101: 44531 | AN101: 44562 | AO101: 44593 | AP101: 44621 | AQ101: 44652 | AR101: 44703 | AS101: 44734 | AT101: 44764 | AU101: 44795 | AV101: 44826 | AW101: 44856 | AX101: 44887 | AZ101: 44927 | BB101: 44958 | EI101: Total | EL101: 2018 | EM101: 2019 | EN101: 2020 | EO101: 2021
A102: Sub Comisión Técnica contra la Trata de Personas y Tráfico Ilícitó de Migrantes (SCTTTM) | B102: Videoconferencias | C102: 0 | D102: 0 | E102: 0 | F102: 0 | G102: 0 | H102: 0 | I102: 0 | J102: 0 | K102: 0 | L102: 0 | M102: 0 | N102: 0 | O102: 0 | P102: 0 | Q102: 0 | R102: 0 | S102: 0 | T102: 0 | U102: 0 | V102: 0 | W102: 0 | X102: 0 | Y102: 0 | Z102: 0 | AA102: 0 | AB102: 0 | AC102: 0 | AD102: 0 | AE102: 2 | AF102: 0 | AG102: 1 | AH102: 1 | AI102: 0 | AJ102: 0 | AK102: 1 | AL102: 1 | AM102: 1 | AN102: 0 | AO102: 0 | AP102: 1 | AQ102: 1 | AR102: 0 | AS102: 0 | AT102: 0 | EI102: =SUM(AJ102:AS102) -> 5 | EL102: =SUM(C102:C102) -> 0 | EM102: =SUM(D102:O102) -> 0
A103: Subcomisión Técnica de Investigción contra el Ciberdelito | B103: Videoconferencias | AT103: 0 | AX103: 1 | EI103: 5
A105: Comité Especial de las Naciones Unidas encargado de la elaboración de una Convención contra la Ciberdelincuencia.
A106: Entendimiento Bicentenario. Grupo conexo al DEAN Y GANSEG
A107: Grupo de Alto Nivel de Seguridad México Salvador. Grupo conexo al DEAN Y ENTENDIMIENTO BICENTERNARIO
A108: Comité Intersecretarial México-Oficina de las Naciones Unidas contra la Droga y el Delito (ONUDD).
A109: T-MEC.
...

Sheet observaciones alertas y boletin
A3: Alertas y Boletínes | B3: Alertas y Boletínes | C3: 32 | D3: 51 | E3: 47 | F3: 37 | G3: 48 | H3: 46 | I3: 40 | J3: 49 | K3: 18 | L3: 12 | M3: 24 | N3: 39 | O3: 20 | P3: 31 | Q3: 46 | R3: 78 | S3: 37 | T3: 41 | U3: 31 | V3: 18 | W3: 24 | X3: 9 | Y3: 26 | Z3: =SUM(C3:Y3) -> 804 | AA3: =SUM(#REF!) -> #REF! | AB3: =SUM(#REF!) -> #REF! | AC3: =SUM(#REF!) -> #REF! | AD3: =SUM(#REF!) -> #REF! | AE3: =SUM(#REF!) -> #REF! | AF3: =SUM(#REF!) -> #REF! | AG3: =SUM(C3:Y3) -> 804
A4: Alertas | B4: Gubernamental | C4: 14 | D4: 19 | E4: 15 | F4: 11 | G4: 25 | H4: 15 | I4: 19 | J4: 13 | K4: 3 | L4: 3 | M4: 0 | N4: 14 | O4: 2 | P4: 5 | Q4: 9 | R4: 15 | S4: 14 | T4: 9 | U4: 3 | V4: 1 | W4: 2 | X4: 2 | Y4: 1 | Z4: =SUM(C4:Y4) -> 214 | AA4: =SUM(#REF!) -> #REF! | AB4: =SUM(#REF!) -> #REF! | AC4: =SUM(#REF!) -> #REF! | AD4: =SUM(#REF!) -> #REF! | AE4: =SUM(#REF!) -> #REF! | AF4: =SUM(#REF!) -> #REF! | AG4: =SUM(C4:Y4) -> 214 | AH4: 214
A5: Boletines | B5: Gubernamental | C5: 18 | D5: 32 | E5: 32 | F5: 26 | G5: 23 | H5: 31 | I5: 21 | J5: 36 | K5: 15 | L5: 9 | M5: 24 | N5: 25 | O5: 18 | P5: 26 | Q5: 37 | R5: 63 | S5: 23 | T5: 32 | U5: 28 | V5: 17 | W5: 22 | X5: 7 | Y5: 25 | Z5: =SUM(C5:Y5) -> 590 | AA5: =SUM(#REF!) -> #REF! | AB5: =SUM(#REF!) -> #REF! | AC5: =SUM(#REF!) -> #REF! | AD5: =SUM(#REF!) -> #REF! | AE5: =SUM(#REF!) -> #REF! | AF5: =SUM(#REF!) -> #REF! | AG5: =SUM(C5:Y5) -> 590 | AH5: 590

Sheet Hoja4
C3: 23 | D3: 18 | E3: 6 | F3: 22 | G3: 22 | H3: 16 | I3: 8 | J3: 11 | K3: 18 | L3: 4 | M3: 5 | N3: 14 | O3: 6 | P3: 3 | Q3: 2 | R3: 6 | S3: 5 | T3: 5 | U3: 4 | V3: 6 | W3: 4 | X3: 5 | Y3: 17 | Z3: 5 | AA3: 12 | AB3: 5 | AC3: 17 | AD3: 12 | AE3: 40 | AF3: 5 | AG3: 5 | AH3: 1 | AI3: 5 | AJ3: 5 | AK3: 17 | AL3: 11 | AM3: 25 | AN3: 10 | AO3: 12 | AP3: 62 | AQ3: 16 | AR3: 11 | AS3: =SUM(C3:AR3) -> 506
C4: 23 | D4: 18 | E4: 6 | F4: 22 | G4: 22 | H4: 16 | I4: 8 | J4: 11 | K4: 18 | L4: 4 | M4: 5 | N4: 14 | O4: 6 | P4: 3 | Q4: 2 | R4: 6 | S4: 5 | T4: 5 | U4: 4 | V4: 6 | W4: 4 | X4: 5 | Y4: 17 | Z4: 5 | AA4: 12 | AB4: 5 | AC4: 17 | AD4: 12 | AE4: 40 | AF4: 5 | AG4: 5 | AH4: 1 | AI4: 5 | AJ4: 5 | AK4: 17 | AL4: 11 | AM4: 25 | AN4: 10 | AO4: 12 | AP4: 16 | AQ4: 16 | AR4: 11 | AS4: =SUM(C4:AR4) -> 460

Sheet Hoja3
H5: Amenazas | I5: 3 | J5: 0 | K5: =SUM(I5:J5) -> 3
H6: Desaparición Forzada | I6: 0 | J6: 0 | K6: =SUM(I6:J6) -> 0
H7: Fraude | I7: 0 | J7: 0 | K7: =SUM(I7:J7) -> 0
H8: Personas Desaparecidas | I8: 3 | J8: 1 | K8: =SUM(I8:J8) -> 4
H9: Pornografía Infantil | I9: 11 | J9: 11 | K9: =SUM(I9:J9) -> 22
H10: Secuestro | I10: 1 | J10: 1 | K10: =SUM(I10:J10) -> 2
H11: Trata de Personas | I11: 2 | J11: 1 | K11: =SUM(I11:J11) -> 3
H12: Menor desaparecido | I12: 0 | J12: 0 | K12: =SUM(I12:J12) -> 0
H13: Otros Delitos | I13: 11 | J13: 16 | K13: =SUM(I13:J13) -> 27
G15: 27 | H15: Otros Delitos
G16: 22 | H16: Pornografía Infantil
G17: 4 | H17: Personas Desaparecidas
G18: 3 | H18: Amenazas
G19: 3 | H19: Trata de Personas
G20: 2 | H20: Secuestro
G21: =SUM(G15:G20) -> 61

Sheet Dic18-2026 -Nvo For_ CERT-PREV
EJ1: GUARDIA NACIONAL
EJ2: UNIDAD DE ÓRGANOS ESPECIALIZADOS POR COMPETENCIA
EJ3: DIRECCIÓN GENERAL CIENTÍFICA
A5: INFORME DE ACCIONES Y RESULTADOS EN EL MARCO DE LA ESTRATEGIA NACIONAL DE SEGURIDAD PÚBLICA (ENSP)
A8: VIII. SEGURIDAD PÚBLICA, SEGURIDAD NACIONAL Y PAZ
A10: CIBERSEGURIDAD
A12: Ciberseguridad | B12: Concepto | C12: 43435 | D12: 43466 | E12: 43497 | F12: 43525 | G12: 43556 | H12: 43586 | I12: 43617 | J12: 43647 | K12: 43678 | L12: 43709 | M12: 43739 | N12: 43770 | O12: 43800 | P12: 43831 | Q12: 43862 | R12: 43891 | S12: 43922 | T12: 43952 | U12: 43983 | V12: 44013 | W12: 44044 | X12: 44075 | Y12: 44105 | Z12: 44136 | AA12: 44166 | AB12: 44197 | AC12: 44228 | AD12: 44256 | AE12: 44287 | AF12: 44317 | AG12: 44348 | AH12: 44378 | AI12: 44409 | AJ12: 44440 | AK12: 44470 | AL12: 44501 | AM12: 44531 | AN12: 44562 | AO12: 44593 | AP12: 44621 | AQ12: 44652 | AR12: 44703 | AS12: 44734 | AT12: 44764 | AU12: 44774 | AV12: 44819 | AW12: 44864 | AX12: 44866 | AY12: 44896 | AZ12: 44927 | BA12: 44956 | BB12: 44972 | BC12: 44985 | BD12: 45000 | BE12: 45015 | BF12: 45031 | BG12: 45046 | BH12: 45061 | BI12: 45076 | BJ12: 45092 | BK12: 45107 | BL12: 45122 | BM12: 45137 | BN12: 45139 | BO12: 45168 | BP12: 45184 | BQ12: 45199 | BR12: 45214 | BS12: 45229 | BT12: 45245 | BU12: 45260 | BV12: 45275 | BW12: 45290 | BX12: 45306 | BY12: 45321 | BZ12: 45337 | CA12: 45351 | CB12: 45366 | CC12: 45381 | CD12: 45397 | CE12: 45412 | CF12: 45427 | CG12: 45442 | CH12: 45458 | CI12: 45473 | CJ12: 45488 | CK12: 45503 | CL12: 45519 | CM12: 45534 | CN12: 45550 | CO12: 45565 | CP12: 45580 | CQ12: 45595 | CR12: 45611 | CS12: 45626 | CT12: 45641 | CU12: 45656 | CV12: 45658 | CW12: 45658 | CX12: 45689 | CY12: 45689 | CZ12: 45717 | DA12: 45717 | DB12: 38443 | DC12: 45748 | DD12: 45778 | DE12: 45778 | DF12: 45809 | DG12: 45809 | DH12: 45839 | DI12: 45839 | DJ12: 45870 | DK12: 45870 | DL12: 45901 | DM12: 45901 | DN12: 45931 | DO12: 45931 | DP12: 45962 | DQ12: 45962 | DR12: 45992 | DS12: 45992 | DT12: 46023 | DU12: 46023 | DV12: 46068 | DW12: 46081 | DX12: 46096 | DY12: 46111 | DZ12: 46127 | EA12: 46142 | EB12: 46157 | EC12: 46172 | ED12: 46188 | EE12: 46203 | EF12: 46218 | EG12: 46233 | EH12: NUEVA ADMINISTRACION Oct 2024- A LA FECHA | EI12: PORCENTAJE -Otc 2024 a la fecha | EJ12: ACUMULADO 01 DIC 2018- LA FECHA | EK12: PORCENTAJE -Otc 2024 a la fecha | EM12: PORCENTAJE ACTA ENTREGA DE JEFE GUERERO | EN12: CREACION GN JULIO 2019 A LA FECHA | EO12: 2018 | EP12: 2019 | EQ12: 2020 | ER12: 2021 | ES12: 2022 | ET12: 2023 | EU12: 2024 | EV12: 2025 | EW12: 2026
A13: Incidentes de Ciberseguridad | B13: Incidentes de seguridad | C13: 1578 | D13: 2948 | E13: 3530 | F13: 3242 | G13: 5722 | H13: 5191 | I13: 5246 | J13: 4448 | K13: 3744 | L13: 2560 | M13: 5306 | N13: 4276 | O13: 5443 | P13: 7940 | Q13: 8294 | R13: 25787 | S13: 24383 | T13: 5159 | U13: 9733 | V13: 10770 | W13: 8185 | X13: 13061 | Y13: 7611 | Z13: 7278 | AA13: 5268 | AB13: 1485 | AC13: 974 | AD13: 1704 | AE13: 1812 | AF13: 1833 | AG13: 2752 | AH13: 3834 | AI13: 3855 | AJ13: 2674 | AK13: 3130 | AL13: 1714 | AM13: 2432 | AN13: 2586 | AO13: 2644 | AP13: 2888 | AQ13: 2219 | AR13: 2000 | AS13: 2044 | AT13: 3256 | AU13: 3701 | AV13: 2744 | AW13: 957 | AX13: 580 | AY13: 719 | AZ13: 145 | BA13: 1479 | BB13: 651 | BC13: 963 | BD13: 392 | BE13: 1195 | BF13: 834 | BG13: 877 | BH13: 52 | BI13: 725 | BJ13: 464 | BK13: 457 | BL13: 1610 | BM13: 672 | BN13: 960 | BO13: 1899 | BP13: 2383 | BQ13: 1220 | BR13: 1515 | BS13: 1791 | BT13: 664 | BU13: 4010 | BV13: 6146 | BW13: 4067 | BX13: 2943 | BY13: 10368 | BZ13: 5096 | CA13: 6489 | CB13: 3047 | CC13: 2655 | CD13: 1220 | CE13: 1346 | CF13: 173 | CG13: 250 | CH13: 164 | CI13: 177 | CJ13: 265 | CK13: 310 | CL13: 210 | CM13: 318 | CN13: 254 | CO13: 236 | CP13: 256 | CQ13: 335 | CR13: 245 | CS13: 337 | CT13: 198 | CU13: 227 | CV13: 44 | CW13: 322 | CX13: 197 | CY13: 159 | CZ13: 126 | DA13: 121 | DB13: 170 | DC13: 289 | DD13: 109 | DE13: 197 | DF13: 81 | DG13: 79 | DH13: 58 | DI13: 58 | DJ13: 26 | DK13: 198 | DL13: 110 | DM13: 159 | DN13: 0 | DO13: 90 | DP13: 11 | DQ13: 13 | DR13: 10 | DS13: 11 | DT13: 0 | DU13: 119 | DV13: 70 | DW13: 67 | DX13: 124 | DY13: 23 | DZ13: 28 | EA13: 110 | EB13: 51 | EC13: 60 | ED13: 61 | EE13: 28 | EF13: 55 | EG13: 33 | EH13: =SUM(CP13:EG13) -> 5065 | EJ13: =SUM(C13:EF13) -> 316964 | EN13: =SUM(J13:DS13) -> 288711 | EO13: =SUM(C13:C13) -> 1578 | EP13: =SUM(D13:O13) -> 51656 | EQ13: =SUM(P13:AA13) -> 133469 | ER13: =SUM(AB13:AM13) -> 28199 | ES13: =SUM(AN13:AY13) -> 26338 | ET13: =SUM(AZ13:BW13) -> 35171 | EU13: =SUM(BX13:CU13) -> 37119 | EV13: =SUM(CV13:DS13) -> 2638 | EW13: =SUM(DT13:EC13) -> 652
B14: Acceso Lógico no autorizado a sistemas e información (Defacement) | C14: 282 | D14: 88 | E14: 121 | F14: 141 | G14: 48 | H14: 78 | I14: 187 | J14: 215 | K14: 207 | L14: 215 | M14: 90 | N14: 71 | O14: 88 | P14: 144 | Q14: 146 | R14: 134 | S14: 151 | T14: 124 | U14: 150 | V14: 130 | W14: 123 | X14: 133 | Y14: 43 | Z14: 118 | AA14: 70 | AB14: 49 | AC14: 54 | AD14: 68 | AE14: 74 | AF14: 88 | AG14: 103 | AH14: 134 | AI14: 53 | AJ14: 43 | AK14: 15 | AL14: 24 | AM14: 7 | AN14: 17 | AO14: 10 | AP14: 0 | AQ14: 0 | AR14: 0 | AS14: 0 | AT14: 22 | AU14: 1 | AV14: 2 | AW14: 0 | AX14: 0 | AY14: 0 | AZ14: 0 | BA14: 1 | BB14: 1 | BC14: 0 | BD14: 0 | BE14: 0 | BF14: 0 | BG14: 27 | BH14: 0 | BI14: 0 | BJ14: 0 | BK14: 0 | BL14: 26 | BM14: 0 | BN14: 3 | BO14: 6 | BP14: 11 | BQ14: 4 | BR14: 0 | BS14: 5 | BT14: 2 | BU14: 0 | BV14: 6 | BW14: 0 | BX14: 7 | BY14: 22 | BZ14: 9 | CA14: 11 | CB14: 29 | CC14: 14 | CD14: 0 | CE14: 0 | CF14: 0 | CG14: 0 | CH14: 0 | CI14: 0 | CJ14: 0 | CK14: 0 | CL14: 0 | CM14: 12 | CN14: 0 | CO14: 0 | CP14: 0 | CQ14: 1 | CR14: 0 | CS14: 0 | CT14: 0 | CU14: 0 | CV14: 0 | CW14: 0 | CX14: 0 | CY14: 0 | CZ14: 0 | DA14: 0 | DB14: 0 | DC14: 14 | DD14: 1 | DE14: 1 | DF14: 0 | DG14: 0 | DH14: 6 | DI14: 19 | DJ14: 0 | DK14: 2 | DL14: 11 | DM14: 1 | DN14: 0 | DO14: 0 | DP14: 0 | DQ14: 0 | DR14: 0 | DS14: 0 | DT14: 0 | DU14: 0 | DV14: 3 | DW14: 0 | DX14: 17 | DY14: 0 | DZ14: 0 | EA14: 0 | EB14: 0 | EC14: 0 | ED14: 0 | EE14: 0 | EF14: 0 | EG14: 0 | EH14: =SUM(CP14:EG14) -> 76 | EI14: =EH14/EH13 -> 0.015004936 | EJ14: =SUM(C14:EF14) -> 4333 | EK14: =EJ14/EJ13 -> 0.013670322 | EN14: =SUM(J14:DS14) -> 3368 | EO14: =SUM(C14:C14) -> 282 | EP14: =SUM(D14:O14) -> 1549 | EQ14: =SUM(P14:AA14) -> 1466 | ER14: =SUM(AB14:AM14) -> 712 | ES14: =SUM(AN14:AY14) -> 52 | ET14: =SUM(AZ14:BW14) -> 92 | EU14: =SUM(BX14:CU14) -> 105 | EV14: =SUM(CU14:DS14) -> 55 | EW14: =SUM(DT14:EC14) -> 20
B15: Ataques de fuerza bruta o escaneos de equipos y redes | C15: 285 | D15: 641 | E15: 558 | F15: 787 | G15: 937 | H15: 885 | I15: 852 | J15: 0 | K15: 0 | L15: 65 | M15: 1492 | N15: 0 | O15: 0 | P15: 0 | Q15: 0 | R15: 0 | S15: 0 | T15: 0 | U15: 0 | V15: 0 | W15: 0 | X15: 0 | Y15: 0 | Z15: 0 | AA15: 0 | AB15: 0 | AC15: 0 | AD15: 0 | AE15: 0 | AF15: 0 | AG15: 21 | AH15: 381 | AI15: 299 | AJ15: 149 | AK15: 142 | AL15: 0 | AM15: 197 | AN15: 294 | AO15: 90 | AP15: 0 | AQ15: 0 | AR15: 0 | AS15: 0 | AT15: 467 | AU15: 640 | AV15: 597 | AW15: 240 | AX15: 75 | AY15: 300 | AZ15: 30 | BA15: 510 | BB15: 150 | BC15: 420 | BD15: 180 | BE15: 269 | BF15: 247 | BG15: 240 | BH15: 30 | BI15: 100 | BJ15: 0 | BK15: 0 | BL15: 90 | BM15: 0 | BN15: 0 | BO15: 0 | BP15: 0 | BQ15: 0 | BR15: 0 | BS15: 0 | BT15: 0 | BU15: 0 | BV15: 0 | BW15: 0 | BX15: 0 | BY15: 0 | BZ15: 0 | CA15: 0 | CB15: 0 | CC15: 0 | CD15: 0 | CE15: 0 | CF15: 0 | CG15: 0 | CH15: 0 | CI15: 0 | CJ15: 0 | CK15: 0 | CL15: 0 | CM15: 16 | CN15: 0 | CO15: 0 | CP15: 0 | CQ15: 0 | CR15: 0 | CS15: 0 | CT15: 0 | CU15: 0 | CV15: 0 | CW15: 0 | CX15: 0 | CY15: 0 | CZ15: 0 | DA15: 0 | DB15: 0 | DC15: 0 | DD15: 0 | DE15: 0 | DF15: 0 | DG15: 0 | DH15: 0 | DI15: 0 | DJ15: 0 | DK15: 0 | DL15: 0 | DM15: 0 | DN15: 0 | DO15: 0 | DP15: 0 | DQ15: 0 | DR15: 0 | DS15: 0 | DT15: 0 | DU15: 0 | DV15: 0 | DW15: 0 | DX15: 0 | DY15: 0 | DZ15: 0 | EA15: 0 | EB15: 0 | EC15: 0 | ED15: 0 | EE15: 0 | EF15: 0 | EG15: 0 | EH15: =SUM(CP15:EG15) -> 0 | EI15: =EH15/EH13 -> 0 | EJ15: =SUM(C15:EF15) -> 12676 | EK15: =EJ15/EJ13 -> 0.039991923 | EN15: =SUM(J15:DS15) -> 7731 | EO15: =SUM(C15:C15) -> 285 | EP15: =SUM(D15:O15) -> 6217 | EQ15: =SUM(P15:AA15) -> 0 | ER15: =SUM(AB15:AM15) -> 1189 | ES15: =SUM(AN15:AY15) -> 2703 | ET15: =SUM(AZ15:BW15) -> 2266 | EU15: =SUM(BX15:CU15) -> 16 | EV15: =SUM(CU15:DS15) -> 0 | EW15: =SUM(DT15:EC15) -> 0
B16: Divulgación no autorizada de información | C16: 0 | D16: 0 | E16: 0 | F16: 0 | G16: 0 | H16: 0 | I16: 0 | J16: 0 | K16: 0 | L16: 0 | M16: 0 | N16: 0 | O16: 0 | P16: 0 | Q16: 0 | R16: 0 | S16: 0 | T16: 0 | U16: 0 | V16: 0 | W16: 0 | X16: 0 | Y16: 0 | Z16: 0 | AA16: 0 | AB16: 0 | AC16: 0 | AD16: 0 | AE16: 0 | AF16: 0 | AG16: 161 | AH16: 1 | AI16: 297 | AJ16: 0 | AK16: 0 | AL16: 0 | AM16: 0 | AN16: 0 | AO16: 0 | AP16: 9 | AQ16: 0 | AR16: 0 | AS16: 0 | AT16: 91 | AU16: 0 | AV16: 6 | AW16: 12 | AX16: 10 | AY16: 0 | AZ16: 0 | BA16: 0 | BB16: 0 | BC16: 1 | BD16: 0 | BE16: 0 | BF16: 0 | BG16: 4 | BH16: 2 | BJ16: 10 | BL16: 154 | BM16: 160 | BN16: 30 | BO16: 35 | BP16: 40 | BQ16: 85 | BR16: 65 | BS16: 157 | BT16: 40 | BU16: 188 | BV16: 150 | BW16: 213 | BX16: 0 | BY16: 80 | BZ16: 77 | CA16: 123 | CB16: 61 | CC16: 37 | CD16: 100 | CE16: 29 | CF16: 15 | CG16: 44 | CH16: 49 | CI16: 25 | CJ16: 39 | CK16: 89 | CL16: 23 | CM16: 42 | CN16: 28 | CO16: 83 | CP16: 52 | CQ16: 20 | CR16: 30 | CS16: 10 | CT16: 11 | CU16: 0 | CV16: 14 | CW16: 23 | CX16: 2 | CY16: 0 | CZ16: 8 | DA16: 8 | DB16: 51 | DC16: 16 | DD16: 18 | DE16: 54 | DF16: 4 | DG16: 34 | DH16: 0 | DI16: 3 | DJ16: 0 | DK16: 34 | DL16: 3 | DM16: 43 | DN16: 0 | DO16: 28 | DP16: 0 | DQ16: 4 | DR16: 8 | DS16: 1 | DT16: 0 | DU16: 15 | DV16: 15 | DW16: 3 | DX16: 0 | DY16: 0 | DZ16: 0 | EA16: 0 | EB16: 0 | EC16: 7 | ED16: 1 | EE16: 2 | EF16: 0 | EG16: 0 | EH16: =SUM(CP16:EG16) -> 522 | EI16: =EH16/EH13 -> 0.10306022 | EJ16: =SUM(C16:EF16) -> 3387 | EK16: =EJ16/EJ13 -> 0.010685756 | EN16: =SUM(J16:DS16) -> 3344 | EO16: =SUM(C16:C16) -> 0 | EP16: =SUM(D16:O16) -> 0 | EQ16: =SUM(P16:AA16) -> 0 | ER16: =SUM(AB16:AM16) -> 459 | ES16: =SUM(AN16:AY16) -> 128 | ET16: =SUM(AZ16:BW16) -> 1334 | EU16: =SUM(BX16:CU16) -> 1067 | EV16: =SUM(CU16:DS16) -> 356 | EW16: =SUM(DT16:EC16) -> 40
B17: Envio de correo spam | C17: 34 | D17: 47 | E17: 26 | F17: 41 | G17: 23 | H17: 7 | I17: 10 | J17: 0 | K17: 0 | L17: 0 | M17: 0 | N17: 0 | O17: 0 | P17: 0 | Q17: 0 | R17: 0 | S17: 0 | T17: 0 | U17: 0 | V17: 0 | W17: 0 | X17: 0 | Y17: 0 | Z17: 0 | AA17: 0 | AB17: 0 | AC17: 0 | AD17: 0 | AE17: 0 | AF17: 0 | AG17: 5 | AH17: 14 | AI17: 305 | AJ17: 0 | AK17: 1 | AL17: 0 | AM17: 0 | AN17: 2 | AO17: 3 | AP17: 0 | AQ17: 0 | AR17: 8 | AS17: 0 | AT17: 0 | AU17: 0 | AV17: 0 | AW17: 2 | AX17: 2 | AY17: 0 | AZ17: 0 | BA17: 0 | BB17: 0 | BC17: 0 | BD17: 0 | BE17: 0 | BF17: 0 | BG17: 0 | BH17: 0 | BI17: 0 | BJ17: 0 | BK17: 0 | BL17: 0 | BM17: 0 | BN17: 0 | BO17: 0 | BP17: 0 | BQ17: 0 | BR17: 0 | BS17: 0 | BT17: 0 | BU17: 0 | BV17: 0 | BW17: 0 | BX17: 0 | BY17: 0 | BZ17: 0 | CA17: 0 | CB17: 0 | CC17: 0 | CD17: 0 | CE17: 1 | CF17: 0 | CG17: 0 | CH17: 1 | CI17: 0 | CJ17: 0 | CK17: 0 | CL17: 0 | CM17: 0 | CN17: 0 | CO17: 0 | CP17: 0 | CQ17: 0 | CR17: 0 | CS17: 0 | CT17: 0 | CU17: 0 | CV17: 0 | CW17: 0 | CX17: 0 | CY17: 0 | CZ17: 0 | DA17: 0 | DB17: 0 | DC17: 0 | DD17: 0 | DE17: 0 | DF17: 0 | DG17: 0 | DH17: 0 | DI17: 0 | DJ17: 0 | DK17: 0 | DL17: 0 | DN17: 0 | DO17: 0 | DP17: 0 | DQ17: 0 | DR17: 0 | DS17: 0 | DT17: 0 | DU17: 0 | DV17: 0 | DW17: 0 | DX17: 0 | DY17: 0 | DZ17: 0 | EA17: 0 | EB17: 0 | EC17: 0 | ED17: 0 | EE17: 0 | EF17: 0 | EG17: 0 | EH17: =SUM(CP17:EG17) -> 0 | EI17: =EH17/EH13 -> 0 | EJ17: =SUM(C17:EF17) -> 532 | EK17: =EJ17/EJ13 -> 0.001678424 | EN17: =SUM(J17:DS17) -> 344 | EO17: =SUM(C17:C17) -> 34 | EP17: =SUM(D17:O17) -> 154 | EQ17: =SUM(P17:AA17) -> 0 | ER17: =SUM(AB17:AM17) -> 325 | ES17: =SUM(AN17:AY17) -> 17 | ET17: =SUM(AZ17:BW17) -> 0 | EU17: =SUM(BX17:CU17) -> 2 | EV17: =SUM(CU17:DS17) -> 0 | EW17: =SUM(DT17:EC17) -> 0
B18: Infección por código malicioso (virus, gusano, bots, troyanos, rootkits) | C18: 0 | D18: 1405 | E18: 2167 | F18: 1330 | G18: 3523 | H18: 3193 | I18: 3281 | J18: 3777 | K18: 2924 | L18: 1792 | M18: 2778 | N18: 3900 | O18: 4832 | P18: 7314 | Q18: 7263 | R18: 24941 | S18: 23207 | T18: 3942 | U18: 8615 | V18: 9364 | W18: 6649 | X18: 11926 | Y18: 6830 | Z18: 6510 | AA18: 4333 | AB18: 650 | AC18: 0 | AD18: 581 | AE18: 810 | AF18: 759 | AG18: 1311 | AH18: 1490 | AI18: 1548 | AJ18: 1001 | AK18: 1542 | AL18: 780 | AM18: 1245 | AN18: 880 | AO18: 1455 | AP18: 1685 | AQ18: 1120 | AR18: 960 | AS18: 1200 | AT18: 1440 | AU18: 1610 | AV18: 1200 | AW18: 400 | AX18: 0 | AY18: 0 | AZ18: 0 | BA18: 192 | BB18: 340 | BC18: 65 | BD18: 30 | BE18: 298 | BF18: 236 | BG18: 190 | BH18: 0 | BI18: 95 | BJ18: 0 | BK18: 457 | BL18: 920 | BM18: 240 | BN18: 737 | BO18: 1659 | BP18: 2010 | BQ18: 920 | BR18: 1200 | BS18: 1280 | BT18: 500 | BU18: 3740 | BV18: 5892 | BW18: 3650 | BX18: 2850 | BY18: 10221 | BZ18: 4931 | CA18: 6212 | CB18: 2814 | CC18: 2491 | CD18: 860 | CE18: 1143 | CF18: 0 | CG18: 0 | CH18: 0 | CI18: 0 | CJ18: 0 | CK18: 0 | CL18: 0 | CM18: 0 | CN18: 0 | CO18: 0 | CP18: 0 | CQ18: 0 | CR18: 0 | CS18: 0 | CT18: 0 | CU18: 0 | CV18: 0 | CW18: 0 | CX18: 0 | CY18: 0 | CZ18: 0 | DA18: 0 | DB18: 0 | DC18: 0 | DD18: 0 | DE18: 0 | DF18: 0 | DG18: 0 | DH18: 0 | DI18: 0 | DJ18: 0 | DK18: 0 | DL18: 0 | DM18: 0 | DN18: 0 | DO18: 0 | DP18: 0 | DQ18: 0 | DR18: 0 | DS18: 0 | DT18: 0 | DU18: 0 | DV18: 0 | DW18: 0 | DX18: 0 | DY18: 0 | DZ18: 0 | EA18: 0 | EB18: 0 | EC18: 0 | ED18: 0 | EE18: 0 | EF18: 0 | EG18: 0 | EH18: =SUM(CP18:EG18) -> 0 | EI18: =EH18/EH13 -> 0 | EJ18: =SUM(C18:EF18) -> 235636 | EK18: =EJ18/EJ13 -> 0.74341566 | EN18: =SUM(J18:DS18) -> 220737 | EO18: =SUM(C18:C18) -> 0 | EP18: =SUM(D18:O18) -> 34902 | EQ18: =SUM(P18:AA18) -> 120894 | ER18: =SUM(AB18:AM18) -> 11717 | ES18: =SUM(AN18:AY18) -> 11950 | ET18: =SUM(AZ18:BW18) -> 24651 | EU18: =SUM(BX18:CU18) -> 31522 | EV18: =SUM(CU18:DS18) -> 0 | EW18: =SUM(DT18:EC18) -> 0
B19: Negación o degradación del servicio (DDos) | C19: 121 | D19: 161 | E19: 141 | F19: 128 | G19: 367 | H19: 290 | I19: 279 | J19: 18 | K19: 101 | L19: 0 | M19: 222 | N19: 16 | O19: 0 | Q19: 67 | R19: 129 | S19: 129 | T19: 137 | U19: 168 | V19: 200 | W19: 140 | X19: 200 | Y19: 99 | Z19: 95 | AA19: 199 | AB19: 200 | AC19: 192 | AD19: 142 | AE19: 238 | AF19: 154 | AG19: 240 | AH19: 440 | AI19: 271 | AJ19: 210 | AK19: 377 | AL19: 265 | AM19: 379 | AN19: 532 | AO19: 612 | AP19: 680 | AQ19: 570 | AR19: 660 | AS19: 710 | AT19: 580 | AU19: 185 | AV19: 60 | AW19: 191 | AX19: 240 | AY19: 180 | AZ19: 60 | BA19: 400 | BB19: 0 | BC19: 120 | BD19: 25 | BE19: 279 | BF19: 159 | BG19: 152 | BH19: 0 | BI19: 150 | BJ19: 0 | BK19: 0 | BL19: 0 | BM19: 0 | BN19: 0 | BO19: 0 | BP19: 0 | BQ19: 0 | BR19: 0 | BS19: 132 | BT19: 0 | BU19: 0 | BV19: 0 | BW19: 0 | BX19: 0 | BY19: 0 | BZ19: 0 | CA19: 0 | CB19: 0 | CC19: 0 | CD19: 0 | CE19: 0 | CF19: 0 | CG19: 0 | CH19: 0 | CI19: 0 | CJ19: 0 | CK19: 0 | CL19: 0 | CM19: 0 | CN19: 0 | CO19: 0 | CP19: 0 | CQ19: 0 | CR19: 0 | CS19: 0 | CT19: 0 | CU19: 0 | CV19: 0 | CW19: 0 | CX19: 0 | CY19: 0 | CZ19: 0 | DA19: 0 | DB19: 0 | DC19: 0 | DD19: 0 | DE19: 0 | DF19: 0 | DG19: 0 | DH19: 0 | DI19: 0 | DJ19: 0 | DK19: 0 | DL19: 0 | DM19: 0 | DN19: 0 | DO19: 0 | DP19: 0 | DQ19: 0 | DR19: 0 | DS19: 0 | DT19: 0 | DU19: 0 | DV19: 0 | DW19: 0 | DX19: 0 | DY19: 0 | DZ19: 0 | EA19: 0 | EB19: 0 | EC19: 0 | ED19: 0 | EE19: 0 | EF19: 0 | EG19: 0 | EH19: =SUM(CP19:EG19) -> 0 | EI19: =EH19/EH13 -> 0 | EJ19: =SUM(C19:EF19) -> 13192 | EK19: =EJ19/EJ13 -> 0.041619869 | EN19: =SUM(J19:DS19) -> 11705 | EO19: =SUM(C19:C19) -> 121 | EP19: =SUM(D19:O19) -> 1723 | EQ19: =SUM(P19:AA19) -> 1563 | ER19: =SUM(AB19:AM19) -> 3108 | ES19: =SUM(AN19:AY19) -> 5200 | ET19: =SUM(AZ19:BW19) -> 1477 | EU19: =SUM(BX19:CU19) -> 0 | EV19: =SUM(CU19:DS19) -> 0 | EW19: =SUM(DT19:EC19) -> 0
B20: Phishing | C20: 608 | D20: 446 | E20: 405 | F20: 589 | G20: 555 | H20: 394 | I20: 426 | J20: 269 | K20: 512 | L20: 488 | M20: 456 | N20: 265 | O20: 384 | P20: 382 | Q20: 680 | R20: 484 | S20: 628 | T20: 694 | U20: 627 | V20: 725 | W20: 535 | X20: 416 | Y20: 337 | Z20: 199 | AA20: 213 | AB20: 128 | AC20: 414 | AD20: 546 | AE20: 466 | AF20: 437 | AG20: 541 | AH20: 618 | AI20: 641 | AJ20: 661 | AK20: 479 | AL20: 347 | AM20: 279 | AN20: 511 | AO20: 281 | AP20: 514 | AQ20: 529 | AR20: 372 | AS20: 134 | AT20: 415 | AU20: 532 | AV20: 472 | AW20: 112 | AX20: 252 | AY20: 239 | AZ20: 55 | BA20: 376 | BB20: 160 | BC20: 342 | BD20: 157 | BE20: 349 | BF20: 192 | BG20: 264 | BH20: 20 | BI20: 380 | BJ20: 454 | BK20: 0 | BL20: 420 | BM20: 272 | BN20: 190 | BO20: 189 | BP20: 322 | BQ20: 211 | BR20: 250 | BS20: 217 | BT20: 122 | BU20: 82 | BV20: 98 | BW20: 204 | BX20: 86 | BY20: 45 | BZ20: 79 | CA20: 143 | CB20: 143 | CC20: 113 | CD20: 260 | CE20: 174 | CF20: 157 | CG20: 206 | CH20: 115 | CI20: 151 | CJ20: 226 | CK20: 221 | CL20: 187 | CM20: 264 | CN20: 210 | CO20: 153 | CP20: 204 | CQ20: 314 | CR20: 215 | CS20: 327 | CT20: 187 | CU20: 227 | CV20: 30 | CW20: 299 | CX20: 195 | CY20: 159 | CZ20: 118 | DA20: 113 | DB20: 119 | DC20: 259 | DD20: 90 | DE20: 142 | DF20: 77 | DG20: 45 | DH20: 52 | DI20: 36 | DJ20: 26 | DK20: 162 | DL20: 96 | DM20: 115 | DN20: 0 | DO20: 62 | DP20: 11 | DQ20: 9 | DR20: 2 | DS20: 10 | DT20: 0 | DU20: 104 | DV20: 52 | DW20: 64 | DX20: 107 | DY20: 23 | DZ20: 28 | EA20: 110 | EB20: 51 | EC20: 53 | ED20: 60 | EE20: 26 | EF20: 55 | EG20: 33 | EH20: =SUM(CP20:EG20) -> 4467 | EI20: =EH20/EH13 -> 0.88193485 | EJ20: =SUM(C20:EF20) -> 34330 | EK20: =EJ20/EJ13 -> 0.10830883 | EN20: =SUM(J20:DS20) -> 30174 | EO20: =SUM(C20:C20) -> 608 | EP20: =SUM(D20:O20) -> 5189 | EQ20: =SUM(P20:AA20) -> 5920 | ER20: =SUM(AB20:AM20) -> 5557 | ES20: =SUM(AN20:AY20) -> 4363 | ET20: =SUM(AZ20:BW20) -> 5326 | EU20: =SUM(BX20:CU20) -> 4407 | EV20: =SUM(CV20:DS20) -> 2227 | EW20: =SUM(DT20:EC20) -> 592
B21: Reporte de vulnerabilidades en infraestructura TIC´s | C21: 248 | D21: 160 | E21: 112 | F21: 226 | G21: 269 | H21: 344 | I21: 211 | J21: 169 | K21: 0 | L21: 0 | M21: 268 | N21: 24 | O21: 139 | P21: 100 | Q21: 138 | R21: 99 | S21: 268 | T21: 262 | U21: 173 | V21: 351 | W21: 738 | X21: 386 | Y21: 302 | Z21: 356 | AA21: 453 | AB21: 458 | AC21: 314 | AD21: 367 | AE21: 224 | AF21: 395 | AG21: 370 | AH21: 756 | AI21: 441 | AJ21: 610 | AK21: 574 | AL21: 298 | AM21: 325 | AN21: 350 | AO21: 193 | AP21: 0 | AQ21: 0 | AR21: 0 | AS21: 0 | AT21: 241 | AU21: 733 | AV21: 407 | AW21: 0 | AX21: 1 | AY21: 0 | AZ21: 0 | BA21: 0 | BB21: 0 | BC21: 15 | BD21: 0 | BE21: 0 | BF21: 0 | BG21: 0 | BH21: 0 | BI21: 0 | BJ21: 0 | BK21: 0 | BL21: 0 | BM21: 0 | BN21: 0 | BO21: 10 | BP21: 0 | BQ21: 0 | BR21: 0 | BS21: 0 | BT21: 0 | BU21: 0 | BV21: 0 | BW21: 0 | BX21: 0 | BY21: 0 | BZ21: 0 | CA21: 0 | CB21: 0 | CC21: 0 | CD21: 0 | CE21: 0 | CF21: 0 | CG21: 0 | CH21: 0 | CI21: 0 | CJ21: 0 | CK21: 0 | CL21: 0 | CM21: 0 | CN21: 0 | CO21: 0 | CP21: 0 | CQ21: 0 | CR21: 0 | CS21: 0 | CT21: 0 | CU21: 0 | CV21: 0 | CW21: 0 | CX21: 0 | CY21: 0 | CZ21: 0 | DA21: 0 | DB21: 0 | DC21: 0 | DD21: 0 | DE21: 0 | DF21: 0 | DG21: 0 | DH21: 0 | DI21: 0 | DJ21: 0 | DK21: 0 | DL21: 0 | DM21: 0 | DN21: 0 | DO21: 0 | DP21: 0 | DQ21: 0 | DR21: 0 | DS21: 0 | DT21: 0 | DU21: 0 | DV21: 0 | DW21: 0 | DX21: 0 | DY21: 0 | DZ21: 0 | EA21: 0 | EB21: 0 | EC21: 0 | ED21: 0 | EE21: 0 | EF21: 0 | EG21: 0 | EH21: =SUM(CP21:EG21) -> 0 | EI21: =EH21/EH13 -> 0 | EJ21: =SUM(C21:EF21) -> 12878 | EK21: =EJ21/EJ13 -> 0.04062922 | EN21: =SUM(J21:DS21) -> 11308 | EO21: =SUM(C21:C21) -> 248 | EP21: =SUM(D21:O21) -> 1922 | EQ21: =SUM(P21:AA21) -> 3626 | ER21: =SUM(AB21:AM21) -> 5132 | ES21: =SUM(AN21:AY21) -> 1925 | ET21: =SUM(AZ21:BW21) -> 25 | EU21: =SUM(BX21:CU21) -> 0 | EV21: =SUM(CU21:DS21) -> 0 | EW21: =SUM(DT21:EC21) -> 0
B22: Académico | C22: 254 | D22: 418 | E22: 492 | F22: 557 | G22: 1279 | H22: 1578 | I22: 1222 | J22: 380 | K22: 550 | L22: 197 | M22: 1706 | N22: 128 | O22: 185 | P22: 764 | Q22: 1248 | R22: 14017 | S22: 8525 | T22: 243 | U22: 664 | V22: 1058 | W22: 1250 | X22: 1979 | Y22: 1008 | Z22: 902 | AA22: 843 | AB22: 404 | AC22: 440 | AD22: 481 | AE22: 377 | AF22: 593 | AG22: 554 | AH22: 1159 | AI22: 771 | AJ22: 724 | AK22: 1001 | AL22: 324 | AM22: 339 | AN22: 917 | AO22: 276 | AP22: 136 | AQ22: 120 | AR22: 0 | AS22: 432 | AT22: 340 | AU22: 748 | AV22: 433 | AW22: 0 | AX22: 0 | AY22: 0 | AZ22: 0 | BA22: 216 | BB22: 0 | BC22: 120 | BD22: 1 | BE22: 1 | BF22: 0 | BG22: 0 | BH22: 0 | BI22: 0 | BJ22: 0 | BK22: 0 | BL22: 12 | BM22: 0 | BN22: 3 | BO22: 0 | BP22: 22 | BQ22: 4 | BR22: 209 | BS22: 4 | BT22: 1 | BU22: 10 | BV22: 21 | BW22: 5 | BX22: 0 | BY22: 5 | BZ22: 6 | CA22: 12 | CB22: 8 | CC22: 4 | CD22: 0 | CE22: 3 | CF22: 0 | CG22: 0 | CH22: 0 | CI22: 0 | CJ22: 0 | CK22: 0 | CL22: 0 | CM22: 0 | CN22: 0 | CO22: 0 | CP22: 0 | CQ22: 0 | CR22: 0 | CS22: 0 | CT22: 0 | CU22: 0 | CV22: 0 | CW22: 0 | CX22: 0 | CY22: 0 | CZ22: 0 | DA22: 0 | DB22: 0 | DC22: 21 | DD22: 1 | DE22: 0 | DF22: 0 | DG22: 0 | DH22: 0 | DI22: 4 | DJ22: 0 | DK22: 2 | DL22: 10 | DM22: 1 | DN22: 0 | DO22: 0 | DP22: 0 | DQ22: 0 | DR22: 0 | DS22: 0 | DT22: 0 | DU22: 0 | DV22: 3 | DW22: 0 | DX22: 0 | DY22: 0 | DZ22: 0 | EA22: 0 | EB22: 0 | EC22: 0 | ED22: 0 | EE22: 0 | EF22: 0 | EG22: 0 | EH22: =SUM(CP22:EG22) -> 42 | EI22: =EH22/EH13 -> 0.0082922014 | EJ22: =SUM(C22:EF22) -> 52725 | EN22: =SUM(J22:DS22) -> 46922 | EO22: =SUM(C22:C22) -> 254 | EP22: =SUM(D22:O22) -> 8692 | EQ22: =SUM(P22:AA22) -> 32501 | ER22: =SUM(AB22:AM22) -> 7167 | ES22: =SUM(AN22:AY22) -> 3402 | ET22: =SUM(AZ22:BW22) -> 629 | EU22: =SUM(BX22:CU22) -> 38 | EV22: =SUM(CV22:DS22) -> 39 | EW22: =SUM(DT22:EC22) -> 3
B23: Financiero | C23: 22 | D23: 2 | E23: 7 | F23: 35 | G23: 2 | H23: 15 | I23: 6 | J23: 128 | K23: 72 | L23: 24 | M23: 26 | N23: 0 | O23: 9 | P23: 6 | Q23: 8 | R23: 5 | S23: 19 | T23: 54 | U23: 0 | V23: 37 | W23: 35 | X23: 0 | Y23: 0 | Z23: 0 | AA23: 0 | AB23: 0 | AC23: 0 | AD23: 2 | AE23: 0 | AF23: 0 | AG23: 0 | AH23: 0 | AI23: 0 | AJ23: 0 | AK23: 0 | AL23: 0 | AM23: 35 | AN23: 0 | AO23: 0 | AP23: 0 | AQ23: 1 | AR23: 0 | AS23: 27 | AT23: 9 | AU23: 0 | AV23: 9 | AW23: 0 | AX23: 0 | AY23: 0 | AZ23: 0 | BA23: 0 | BB23: 0 | BC23: 0 | BD23: 0 | BE23: 0 | BF23: 0 | BG23: 0 | BH23: 0 | BI23: 0 | BJ23: 0 | BK23: 0 | BL23: 18 | BM23: 13 | BN23: 2 | BO23: 0 | BP23: 4 | BQ23: 0 | BR23: 0 | BS23: 0 | BT23: 0 | BU23: 0 | BV23: 13 | BW23: 39 | BX23: 0 | BY23: 0 | BZ23: 1 | CA23: 0 | CB23: 0 | CC23: 0 | CD23: 0 | CE23: 0 | CF23: 0 | CG23: 0 | CH23: 2 | CI23: 3 | CJ23: 1 | CK23: 1 | CL23: 33 | CM23: 1 | CN23: 18 | CO23: 18 | CP23: 37 | CQ23: 25 | CR23: 0 | CS23: 9 | CT23: 18 | CU23: 1 | CV23: 0 | CW23: 11 | CX23: 46 | CY23: 45 | CZ23: 99 | DA23: 27 | DB23: 83 | DC23: 148 | DD23: 15 | DE23: 25 | DF23: 6 | DG23: 0 | DH23: 2 | DI23: 2 | DJ23: 0 | DK23: 4 | DL23: 3 | DM23: 0 | DN23: 0 | DO23: 0 | DP23: 0 | DQ23: 0 | DR23: 0 | DS23: 0 | DT23: 0 | DU23: 1 | DV23: 0 | DW23: 1 | DX23: 2 | DY23: 0 | DZ23: 0 | EA23: 0 | EB23: 0 | EC23: 0 | ED23: 0 | EE23: 0 | EF23: 0 | EG23: 0 | EH23: =SUM(CP23:EG23) -> 610 | EI23: =EH23/EH13 -> 0.12043435 | EJ23: =SUM(C23:EF23) -> 1372 | EN23: =SUM(J23:DS23) -> 1279 | EO23: =SUM(C23:C23) -> 22 | EP23: =SUM(D23:O23) -> 326 | EQ23: =SUM(P23:AA23) -> 164 | ER23: =SUM(AB23:AM23) -> 37 | ES23: =SUM(AN23:AY23) -> 46 | ET23: =SUM(AZ23:BW23) -> 89 | EU23: =SUM(BX23:CU23) -> 168 | EV23: =SUM(CV23:DS23) -> 516 | EW23: =SUM(DT23:EC23) -> 4
B24: Gubernamental | C24: 249 | D24: 898 | E24: 610 | F24: 852 | G24: 1697 | H24: 1999 | I24: 1129 | J24: 221 | K24: 163 | L24: 245 | M24: 654 | N24: 94 | O24: 244 | P24: 354 | Q24: 644 | R24: 499 | S24: 9850 | T24: 757 | U24: 628 | V24: 644 | W24: 621 | X24: 570 | Y24: 391 | Z24: 298 | AA24: 196 | AB24: 345 | AC24: 448 | AD24: 595 | AE24: 578 | AF24: 404 | AG24: 634 | AH24: 537 | AI24: 1033 | AJ24: 644 | AK24: 333 | AL24: 538 | AM24: 304 | AN24: 471 | AO24: 248 | AP24: 486 | AQ24: 450 | AR24: 345 | AS24: 63 | AT24: 343 | AU24: 302 | AV24: 287 | AW24: 43 | AX24: 209 | AY24: 236 | AZ24: 55 | BA24: 177 | BB24: 95 | BC24: 199 | BD24: 182 | BE24: 440 | BF24: 282 | BG24: 372 | BH24: 19 | BI24: 529 | BJ24: 420 | BK24: 0 | BL24: 453 | BM24: 314 | BN24: 207 | BO24: 180 | BP24: 298 | BQ24: 244 | BR24: 207 | BS24: 450 | BT24: 163 | BU24: 224 | BV24: 192 | BW24: 376 | BX24: 86 | BY24: 127 | BZ24: 157 | CA24: 272 | CB24: 165 | CC24: 154 | CD24: 236 | CE24: 198 | CF24: 149 | CG24: 190 | CH24: 135 | CI24: 150 | CJ24: 262 | CK24: 302 | CL24: 174 | CM24: 301 | CN24: 180 | CO24: 180 | CP24: 219 | CQ24: 310 | CR24: 245 | CS24: 327 | CT24: 179 | CU24: 221 | CV24: 43 | CW24: 311 | CX24: 148 | CY24: 114 | CZ24: 27 | DA24: 93 | DB24: 86 | DC24: 116 | DD24: 92 | DE24: 151 | DF24: 68 | DG24: 70 | DH24: 38 | DI24: 38 | DJ24: 16 | DK24: 175 | DL24: 94 | DM24: 156 | DN24: 0 | DO24: 89 | DP24: 11 | DQ24: 4 | DR24: 10 | DS24: 8 | DT24: 0 | DU24: 113 | DV24: 28 | DW24: 51 | DX24: 117 | DY24: 20 | DZ24: 27 | EA24: 14 | EB24: 49 | EC24: 59 | ED24: 58 | EE24: 16 | EF24: 52 | EG24: 30 | EH24: =SUM(CP24:EG24) -> 4093 | EI24: =EH24/EH13 -> 0.80809477 | EJ24: =SUM(C24:EF24) -> 47942 | EN24: =SUM(J24:DS24) -> 39904 | EO24: =SUM(C24:C24) -> 249 | EP24: =SUM(D24:O24) -> 8806 | EQ24: =SUM(P24:AA24) -> 15452 | ER24: =SUM(AB24:AM24) -> 6393 | ES24: =SUM(AN24:AY24) -> 3483 | ET24: =SUM(AZ24:BW24) -> 6078 | EU24: =SUM(BX24:CU24) -> 4919 | EV24: =SUM(CV24:DS24) -> 1958 | EW24: =SUM(DT24:EC24) -> 478
B25: Privado | C25: 1053 | D25: 1630 | E25: 2421 | F25: 1798 | G25: 2744 | H25: 1599 | I25: 2889 | J25: 3719 | K25: 2959 | L25: 2094 | M25: 2920 | N25: 4054 | O25: 5005 | P25: 6816 | Q25: 6394 | R25: 11266 | S25: 5989 | T25: 4105 | U25: 8441 | V25: 9031 | W25: 6279 | X25: 10512 | Y25: 6212 | Z25: 6078 | AA25: 4229 | AB25: 736 | AC25: 86 | AD25: 626 | AE25: 857 | AF25: 836 | AG25: 1564 | AH25: 2138 | AI25: 2051 | AJ25: 1306 | AK25: 1796 | AL25: 852 | AM25: 1754 | AN25: 1198 | AO25: 2120 | AP25: 2266 | AQ25: 1648 | AR25: 1655 | AS25: 1522 | AT25: 2564 | AU25: 2651 | AV25: 2015 | AW25: 914 | AX25: 371 | AY25: 483 | AZ25: 90 | BA25: 1086 | BB25: 556 | BC25: 644 | BD25: 209 | BE25: 754 | BF25: 552 | BG25: 505 | BH25: 33 | BI25: 196 | BJ25: 44 | BK25: 457 | BL25: 1127 | BM25: 345 | BN25: 748 | BO25: 1719 | BP25: 2059 | BQ25: 972 | BR25: 1099 | BS25: 1337 | BT25: 500 | BU25: 3776 | BV25: 5920 | BW25: 3647 | BX25: 2857 | BY25: 10236 | BZ25: 4932 | CA25: 6205 | CB25: 2874 | CC25: 2497 | CD25: 984 | CE25: 1145 | CF25: 24 | CG25: 60 | CH25: 27 | CI25: 24 | CJ25: 2 | CK25: 7 | CL25: 3 | CM25: 16 | CN25: 56 | CO25: 56 | CP25: 0 | CQ25: 0 | CR25: 0 | CS25: 1 | CT25: 1 | CU25: 5 | CV25: 1 | CW25: 0 | CX25: 3 | CY25: 0 | CZ25: 0 | DA25: 1 | DB25: 1 | DC25: 4 | DD25: 1 | DE25: 21 | DF25: 7 | DG25: 9 | DH25: 18 | DI25: 14 | DJ25: 10 | DK25: 17 | DL25: 3 | DM25: 2 | DN25: 0 | DO25: 1 | DP25: 0 | DQ25: 9 | DR25: 0 | DS25: 3 | DT25: 0 | DU25: 5 | DV25: 39 | DW25: 15 | DX25: 5 | DY25: 3 | DZ25: 1 | EA25: 96 | EB25: 2 | EC25: 1 | ED25: 3 | EE25: 12 | EF25: 3 | EG25: 3 | EH25: =SUM(CP25:EG25) -> 320 | EI25: =EH25/EH13 -> 0.063178677 | EJ25: =SUM(C25:EF25) -> 214943 | EN25: =SUM(J25:DS25) -> 200624 | EO25: =SUM(C25:C25) -> 1053 | EP25: =SUM(D25:O25) -> 33832 | EQ25: =SUM(P25:AA25) -> 85352 | ER25: =SUM(AB25:AM25) -> 14602 | ES25: =SUM(AN25:AY25) -> 19407 | ET25: =SUM(AZ25:BW25) -> 28375 | EU25: =SUM(BX25:CU25) -> 32012 | EV25: =SUM(CV25:DS25) -> 125 | EW25: =SUM(DT25:EC25) -> 167
B26: Ejercicio de Crisis_Taller | C26: 0 | D26: 0 | E26: 0 | F26: 0 | G26: 0 | H26: 0 | I26: 0 | J26: 0 | K26: 0 | L26: 0 | M26: 0 | N26: 0 | O26: 0 | P26: 0 | Q26: 0 | R26: 0 | S26: 0 | T26: 0 | U26: 0 | V26: 0 | W26: 0 | X26: 0 | Y26: 0 | Z26: 0 | AA26: 0 | AB26: 0 | AC26: 0 | AD26: 0 | AE26: 0 | AF26: 0 | AG26: 0 | AH26: 0 | AI26: 0 | AJ26: 0 | AK26: 0 | AL26: 0 | AM26: 0 | AN26: 0 | AO26: 0 | AP26: 0 | AQ26: 0 | AR26: 0 | AS26: 0 | AT26: 0 | AU26: 0 | AV26: 1 | AW26: 3 | AX26: 0 | AY26: 0 | AZ26: 0 | BA26: 0 | BB26: 0 | BC26: 0 | BD26: 0 | BE26: 0 | BF26: 0 | BG26: 0 | BH26: 0 | BI26: 0 | BJ26: 0 | BK26: 0 | BL26: 0 | BM26: 1 | BN26: 0 | BO26: 0 | BP26: 0 | BQ26: 0 | BR26: 1 | BS26: 0 | BT26: 0 | BU26: 0 | BV26: 0 | BW26: 0 | BX26: 0 | BY26: 0 | BZ26: 0 | CA26: 0 | CB26: 0 | CC26: 0 | CD26: 0 | CE26: 0 | CF26: 0 | CG26: 0 | CH26: 0 | CI26: 0 | CJ26: 0 | CK26: 0 | CL26: 0 | CM26: 0 | CN26: 0 | CO26: 0 | CP26: 0 | CQ26: 0 | CR26: 0 | CS26: 0 | CT26: 0 | CU26: 0 | CV26: 0 | CW26: 0 | CX26: 0 | CY26: 0 | CZ26: 0 | DA26: 0 | DB26: 0 | DC26: 0 | DD26: 0 | DE26: 0 | DF26: 0 | DG26: 0 | DH26: 0 | DI26: 0 | DJ26: 2 | DK26: 2 | DL26: 0 | DM26: 3 | DN26: 0 | DO26: 0 | DP26: 0 | DQ26: 0 | DR26: 0 | DS26: 0 | DT26: 0 | DU26: 0 | DV26: 0 | DW26: 0 | DX26: 0 | DY26: 0 | DZ26: 0 | EA26: 0 | EB26: 0 | EC26: 0 | ED26: 0 | EE26: 0 | EF26: 0 | EG26: 0 | EH26: =SUM(CP26:EG26) -> 7 | EJ26: =SUM(C26:EF26) -> 13 | EN26: =SUM(J26:DS26) -> 13 | EO26: =SUM(C26:C26) -> 0 | EP26: =SUM(D26:O26) -> 0 | EQ26: =SUM(P26:AA26) -> 0 | ER26: =SUM(AB26:AM26) -> 0 | ES26: =SUM(AN26:AY26) -> 4 | ET26: =SUM(AZ26:BW26) -> 2 | EU26: =SUM(BX26:CU26) -> 0 | EV26: =SUM(CV26:DS26) -> 7 | EW26: =SUM(DT26:EC26) -> 0
B27: Personas capacitadas | C27: 0 | D27: 0 | E27: 0 | F27: 0 | G27: 0 | H27: 0 | I27: 0 | J27: 0 | K27: 0 | L27: 0 | M27: 0 | N27: 0 | O27: 0 | P27: 0 | Q27: 0 | R27: 0 | S27: 0 | T27: 0 | U27: 0 | V27: 0 | W27: 0 | X27: 0 | Y27: 0 | Z27: 0 | AA27: 0 | AB27: 0 | AC27: 0 | AD27: 0 | AE27: 0 | AF27: 0 | AG27: 0 | AH27: 0 | AI27: 0 | AJ27: 0 | AK27: 0 | AL27: 0 | AM27: 0 | AN27: 0 | AO27: 0 | AP27: 0 | AQ27: 0 | AR27: 0 | AS27: 0 | AT27: 0 | AU27: 0 | AV27: 59 | AW27: 186 | AX27: 0 | AY27: 0 | AZ27: 0 | BA27: 0 | BB27: 0 | BC27: 0 | BD27: 0 | BE27: 0 | BF27: 0 | BG27: 0 | BH27: 0 | BI27: 0 | BJ27: 0 | BK27: 0 | BL27: 0 | BM27: 82 | BN27: 0 | BO27: 0 | BP27: 0 | BQ27: 0 | BR27: 368 | BS27: 0 | BT27: 0 | BU27: 0 | BV27: 0 | BW27: 0 | BX27: 0 | BY27: 0 | BZ27: 0 | CA27: 0 | CB27: 0 | CC27: 0 | CD27: 0 | CE27: 0 | CF27: 0 | CG27: 0 | CH27: 0 | CI27: 0 | CJ27: 0 | CK27: 0 | CL27: 0 | CM27: 0 | CN27: 0 | CO27: 0 | CP27: 0 | CQ27: 0 | CR27: 0 | CS27: 0 | CT27: 0 | CU27: 0 | CV27: 0 | CW27: 0 | CX27: 0 | CY27: 0 | CZ27: 0 | DA27: 0 | DB27: 0 | DC27: 0 | DD27: 0 | DE27: 0 | DF27: 0 | DG27: 0 | DH27: 0 | DI27: 0 | DJ27: 59 | DK27: 93 | DL27: 0 | DM27: 187 | DN27: 0 | DO27: 0 | DP27: 0 | DQ27: 0 | DR27: 0 | DS27: 0 | DT27: 0 | DU27: 0 | DV27: 0 | DW27: 0 | DX27: 0 | DY27: 0 | DZ27: 0 | EA27: 0 | EB27: 0 | EC27: 0 | ED27: 0 | EE27: 0 | EF27: 0 | EG27: 0 | EH27: =SUM(CP27:EG27) -> 339 | EJ27: =SUM(C27:EF27) -> 1034 | EN27: =SUM(J27:DS27) -> 1034 | EO27: =SUM(C27:C27) -> 0 | EP27: =SUM(D27:O27) -> 0 | EQ27: =SUM(P27:AA27) -> 0 | ER27: =SUM(AB27:AM27) -> 0 | ES27: =SUM(AN27:AY27) -> 245 | ET27: =SUM(AZ27:BW27) -> 450 | EU27: =SUM(BX27:CU27) -> 0 | EV27: =SUM(CV27:DS27) -> 339 | EW27: =SUM(DT27:EC27) -> 0
B28: Alertas y Boletínes | C28: 51 | D28: 39 | E28: 43 | F28: 39 | G28: 48 | H28: 27 | I28: 26 | J28: 36 | K28: 53 | L28: 36 | M28: 53 | N28: 42 | O28: 0 | P28: 49 | Q28: 65 | R28: 44 | S28: 59 | T28: 38 | U28: 52 | V28: 69 | W28: 47 | X28: 49 | Y28: 44 | Z28: 28 | AA28: 23 | AB28: 46 | AC28: 37 | AD28: 44 | AE28: 26 | AF28: 38 | AG28: 44 | AH28: 43 | AI28: 48 | AJ28: 42 | AK28: 40 | AL28: 41 | AM28: 31 | AN28: 57 | AO28: 61 | AP28: 74 | AQ28: 69 | AR28: 39 | AS28: 95 | AT28: 114 | AU28: 97 | AV28: 112 | AW28: 102 | AX28: 81 | AY28: 82 | AZ28: 32 | BA28: 51 | BB28: 47 | BC28: 37 | BD28: 48 | BE28: 46 | BF28: 40 | BG28: 49 | BH28: 18 | BI28: 12 | BJ28: 24 | BK28: 39 | BL28: 20 | BM28: 31 | BN28: 0 | BO28: 78 | BP28: 37 | BQ28: 41 | BR28: 31 | BS28: 18 | BT28: 24 | BU28: 9 | BV28: 26 | BW28: 15 | BX28: 16 | BY28: 24 | BZ28: 16 | CA28: 17 | CB28: 14 | CC28: 39 | CD28: 27 | CE28: 27 | CF28: 25 | CG28: 46 | CH28: 21 | CI28: 34 | CJ28: 30 | CK28: 19 | CL28: 20 | CM28: 28 | CN28: 19 | CO28: 39 | CP28: 38 | CQ28: 31 | CR28: 18 | CS28: 24 | CT28: 13 | CU28: 27 | CV28: 15 | CW28: 47 | CX28: 39 | CY28: 37 | CZ28: 28 | DA28: 28 | DB28: 36 | DC28: 25 | DD28: 31 | DE28: 39 | DF28: 49 | DG28: 29 | DH28: 36 | DI28: 35 | DJ28: 35 | DK28: 27 | DL28: 34 | DM28: 27 | DN28: 35 | DO28: 35 | DP28: 34 | DQ28: 15 | DR28: 34 | DS28: 25 | DT28: 22 | DU28: 35 | DV28: 30 | DW28: 22 | DX28: 37 | DY28: 20 | DZ28: 32 | EA28: 36 | EB28: 27 | EC28: 26 | ED28: 36 | EE28: 38 | EF28: 33 | EG28: 24 | EH28: =SUM(CP28:EG28) -> 1344 | EJ28: =SUM(C28:EF28) -> 5077 | EN28: =SUM(J28:DS28) -> 4410 | EO28: =SUM(C28:C28) -> 51 | EP28: =SUM(D28:O28) -> 442 | EQ28: =SUM(P28:AA28) -> 567 | ER28: =SUM(AB28:AM28) -> 480 | ES28: =SUM(AN28:AY28) -> 983 | ET28: =SUM(AZ28:BW28) -> 773 | EU28: =SUM(BX28:CU28) -> 612 | EV28: =SUM(CV28:DS28) -> 775 | EW28: =SUM(DT28:EC28) -> 287
B29: Alertas | C29: 32 | D29: 31 | E29: 25 | F29: 30 | G29: 32 | H29: 21 | I29: 19 | J29: 27 | K29: 36 | L29: 23 | M29: 39 | N29: 31 | O29: 0 | P29: 39 | Q29: 56 | R29: 37 | S29: 39 | T29: 28 | U29: 44 | V29: 41 | W29: 30 | X29: 33 | Y29: 38 | Z29: 16 | AA29: 9 | AB29: 20 | AC29: 17 | AD29: 22 | AE29: 15 | AF29: 21 | AG29: 22 | AH29: 22 | AI29: 26 | AJ29: 22 | AK29: 19 | AL29: 21 | AM29: 16 | AN29: 25 | AO29: 26 | AP29: 35 | AQ29: 27 | AR29: 18 | AS29: 28 | AT29: 56 | AU29: 41 | AV29: 60 | AW29: 37 | AX29: 32 | AY29: 27 | AZ29: 14 | BA29: 19 | BB29: 15 | BC29: 11 | BD29: 25 | BE29: 15 | BF29: 19 | BG29: 13 | BH29: 3 | BI29: 3 | BJ29: 0 | BK29: 14 | BL29: 2 | BM29: 5 | BN29: 0 | BO29: 15 | BP29: 14 | BQ29: 9 | BR29: 3 | BS29: 1 | BT29: 2 | BU29: 2 | BV29: 1 | BW29: 0 | BX29: 1 | BY29: 1 | BZ29: 2 | CA29: 1 | CB29: 0 | CC29: 6 | CD29: 3 | CE29: 1 | CF29: 2 | CG29: 3 | CH29: 0 | CI29: 11 | CJ29: 2 | CK29: 0 | CL29: 2 | CM29: 1 | CN29: 5 | CO29: 4 | CP29: 9 | CQ29: 7 | CR29: 2 | CS29: 0 | CT29: 0 | CU29: 6 | CV29: 2 | CW29: 5 | CX29: 3 | CY29: 4 | CZ29: 3 | DA29: 1 | DB29: 4 | DC29: 5 | DD29: 1 | DE29: 3 | DF29: 1 | DG29: 1 | DH29: 0 | DI29: 1 | DJ29: 1 | DK29: 3 | DL29: 0 | DM29: 1 | DN29: 2 | DO29: 0 | DP29: 0 | DQ29: 0 | DR29: 0 | DS29: 0 | DT29: 0 | DU29: 1 | DV29: 0 | DW29: 0 | DX29: 0 | DY29: 0 | DZ29: 0 | EA29: 0 | EB29: 0 | EC29: 1 | ED29: 1 | EE29: 3 | EF29: 3 | EG29: 1 | EH29: =SUM(CP29:EG29) -> 75 | EJ29: =SUM(C29:EF29) -> 1735 | EN29: =SUM(J29:DS29) -> 1536 | EO29: =SUM(C29:C29) -> 32 | EP29: =SUM(D29:O29) -> 314 | EQ29: =SUM(P29:AA29) -> 410 | ER29: =SUM(AB29:AM29) -> 243 | ES29: =SUM(AN29:AY29) -> 412 | ET29: =SUM(AZ29:BW29) -> 205 | EU29: =SUM(BX29:CU29) -> 69 | EV29: =SUM(CV29:DS29) -> 41 | EW29: =SUM(DT29:EC29) -> 2
B30: Boletines | C30: 19 | D30: 8 | E30: 18 | F30: 9 | G30: 16 | H30: 6 | I30: 7 | J30: 9 | K30: 17 | L30: 13 | M30: 14 | N30: 11 | O30: 0 | P30: 10 | Q30: 9 | R30: 7 | S30: 20 | T30: 10 | U30: 8 | V30: 28 | W30: 17 | X30: 16 | Y30: 6 | Z30: 12 | AA30: 14 | AB30: 26 | AC30: 20 | AD30: 22 | AE30: 11 | AF30: 17 | AG30: 22 | AH30: 21 | AI30: 22 | AJ30: 20 | AK30: 21 | AL30: 20 | AM30: 15 | AN30: 32 | AO30: 35 | AP30: 39 | AQ30: 42 | AR30: 21 | AS30: 67 | AT30: 58 | AU30: 56 | AV30: 52 | AW30: 65 | AX30: 49 | AY30: 55 | AZ30: 18 | BA30: 32 | BB30: 32 | BC30: 26 | BD30: 23 | BE30: 31 | BF30: 21 | BG30: 36 | BH30: 15 | BI30: 9 | BJ30: 24 | BK30: 25 | BL30: 18 | BM30: 26 | BN30: 0 | BO30: 63 | BP30: 23 | BQ30: 32 | BR30: 28 | BS30: 17 | BT30: 22 | BU30: 7 | BV30: 25 | BW30: 15 | BX30: 15 | BY30: 23 | BZ30: 14 | CA30: 16 | CB30: 14 | CC30: 33 | CD30: 24 | CE30: 26 | CF30: 23 | CG30: 43 | CH30: 21 | CI30: 23 | CJ30: 28 | CK30: 19 | CL30: 18 | CM30: 27 | CN30: 14 | CO30: 35 | CP30: 29 | CQ30: 24 | CR30: 16 | CS30: 24 | CT30: 13 | CU30: 21 | CV30: 13 | CW30: 42 | CX30: 36 | CY30: 33 | CZ30: 25 | DA30: 27 | DB30: 32 | DC30: 20 | DD30: 30 | DE30: 36 | DF30: 48 | DG30: 28 | DH30: 36 | DI30: 34 | DJ30: 34 | DK30: 24 | DL30: 34 | DM30: 26 | DN30: 33 | DO30: 35 | DP30: 34 | DQ30: 15 | DR30: 34 | DS30: 25 | DT30: 22 | DU30: 34 | DV30: 30 | DW30: 22 | DX30: 37 | DY30: 20 | DZ30: 32 | EA30: 36 | EB30: 27 | EC30: 25 | ED30: 35 | EE30: 35 | EF30: 30 | EG30: 23 | EH30: =SUM(CP30:EG30) -> 1269 | EJ30: =SUM(C30:EF30) -> 3342 | EN30: =SUM(J30:DS30) -> 2874 | EO30: =SUM(C30:C30) -> 19 | EP30: =SUM(D30:O30) -> 128 | EQ30: =SUM(P30:AA30) -> 157 | ER30: =SUM(AB30:AM30) -> 237 | ES30: =SUM(AN30:AY30) -> 571 | ET30: =SUM(AZ30:BW30) -> 568 | EU30: =SUM(BX30:CU30) -> 543 | EV30: =SUM(CV30:DS30) -> 734 | EW30: =SUM(DT30:EC30) -> 285
A31: Protocolo Nacional Homologado para la Gestión de Incidentes Cibernéticos (PNHIC) | B31: Talleres | C31: 0 | D31: 0 | E31: 0 | F31: 0 | G31: 0 | H31: 0 | I31: 0 | J31: 0 | K31: 0 | L31: 0 | M31: 0 | N31: 0 | O31: 0 | P31: 0 | Q31: 0 | R31: 0 | S31: 0 | T31: 0 | U31: 0 | V31: 0 | W31: 0 | X31: 0 | Y31: 0 | Z31: 0 | AA31: 0 | AB31: 0 | AC31: 0 | AD31: 0 | AE31: 2 | AF31: 1 | AG31: 1 | AH31: 0 | AI31: 0 | AJ31: 0 | AK31: 1 | AL31: 1 | AM31: 0 | AN31: 0 | AO31: 1 | AP31: 0 | AQ31: 0 | AR31: 3 | AS31: 2 | AT31: 2 | AU31: 0 | AV31: 1 | AW31: 0 | AX31: 1 | AY31: 0 | AZ31: 0 | BA31: 0 | BB31: 0 | BC31: 0 | BD31: 0 | BE31: 0 | BF31: 1 | BG31: 0 | BH31: 0 | BI31: 0 | BJ31: 0 | BK31: 2 | BL31: 0 | BM31: 0 | BN31: 0 | BO31: 0 | BP31: 0 | BQ31: 0 | BR31: 0 | BS31: 1 | BT31: 0 | BU31: 0 | BV31: 0 | BW31: 0 | BX31: 0 | BY31: 0 | BZ31: 0 | CA31: 0 | CB31: 0 | CC31: 0 | CD31: 0 | CE31: 1 | CF31: 0 | CG31: 0 | CH31: 0 | CI31: 0 | CJ31: 0 | CK31: 0 | CL31: 0 | CM31: 1 | CN31: 0 | CO31: 0 | CP31: 0 | CQ31: 0 | CR31: 0 | CS31: 0 | CT31: 0 | CU31: 0 | CV31: 0 | CW31: 3 | CX31: 0 | CY31: 0 | CZ31: 0 | DA31: 2 | DB31: 2 | DC31: 0 | DD31: 0 | DE31: 0 | DF31: 0 | DG31: 0 | DH31: 0 | DI31: 0 | DJ31: 2 | DK31: 2 | DL31: 0 | DM31: 0 | DN31: 0 | DO31: 0 | DP31: 0 | DQ31: 0 | DR31: 0 | DS31: 0 | DT31: 0 | DU31: 0 | DV31: 0 | DW31: 0 | DX31: 0 | DY31: 0 | DZ31: 0 | EA31: 0 | EB31: 0 | EC31: 0 | ED31: 0 | EE31: 0 | EF31: 0 | EG31: 0 | EH31: =SUM(CP31:EG31) -> 11 | EJ31: =SUM(C31:EF31) -> 33 | EN31: =SUM(J31:DS31) -> 33 | EO31: =SUM(C31:C31) -> 0 | EP31: =SUM(D31:O31) -> 0 | EQ31: =SUM(P31:AA31) -> 0 | ER31: =SUM(AB31:AM31) -> 6 | ES31: =SUM(AN31:AY31) -> 10 | ET31: =SUM(AZ31:BW31) -> 4 | EU31: =SUM(BX31:CU31) -> 2 | EV31: =SUM(CV31:DS31) -> 11 | EW31: =SUM(DT31:EC31) -> 0
B32: Personas capacitadas | C32: 0 | D32: 0 | E32: 0 | F32: 0 | G32: 0 | H32: 0 | I32: 0 | J32: 0 | K32: 0 | L32: 0 | M32: 0 | N32: 0 | O32: 0 | P32: 0 | Q32: 0 | R32: 0 | S32: 0 | T32: 0 | U32: 0 | V32: 0 | W32: 0 | X32: 0 | Y32: 0 | Z32: 0 | AA32: 0 | AB32: 0 | AC32: 0 | AD32: 0 | AE32: 50 | AF32: 25 | AG32: 20 | AH32: 0 | AI32: 0 | AJ32: 0 | AK32: 39 | AL32: 20 | AM32: 0 | AN32: 0 | AO32: 80 | AP32: 0 | AQ32: 0 | AR32: 70 | AS32: 36 | AT32: 64 | AU32: 0 | AV32: 54 | AW32: 0 | AX32: 13 | AY32: 0 | AZ32: 0 | BA32: 0 | BB32: 0 | BC32: 0 | BD32: 0 | BE32: 0 | BF32: 100 | BG32: 0 | BH32: 0 | BI32: 0 | BJ32: 0 | BK32: 111 | BL32: 0 | BM32: 0 | BN32: 0 | BO32: 0 | BP32: 0 | BQ32: 0 | BR32: 0 | BS32: 35 | BT32: 0 | BU32: 0 | BV32: 0 | BW32: 0 | BX32: 0 | BY32: 0 | BZ32: 0 | CA32: 0 | CB32: 0 | CC32: 0 | CD32: 0 | CE32: 28 | CF32: 0 | CG32: 0 | CH32: 0 | CI32: 0 | CJ32: 0 | CK32: 0 | CL32: 0 | CM32: 47 | CN32: 0 | CO32: 0 | CP32: 0 | CQ32: 0 | CR32: 0 | CS32: 0 | CT32: 0 | CU32: 0 | CV32: 0 | CW32: 85 | CX32: 0 | CY32: 0 | CZ32: 0 | DA32: 16 | DB32: 4 | DC32: 0 | DD32: 0 | DE32: 0 | DF32: 0 | DG32: 0 | DH32: 0 | DI32: 0 | DJ32: 59 | DK32: 93 | DL32: 0 | DM32: 0 | DN32: 0 | DO32: 0 | DP32: 0 | DQ32: 0 | DR32: 0 | DS32: 0 | DT32: 0 | DU32: 0 | DV32: 0 | DW32: 0 | DX32: 0 | DY32: 0 | DZ32: 0 | EA32: 0 | EB32: 0 | EC32: 0 | ED32: 0 | EE32: 0 | EF32: 0 | EG32: 0 | EH32: =SUM(CP32:EG32) -> 257 | EJ32: =SUM(C32:EF32) -> 1049 | EN32: =SUM(J32:DS32) -> 1049 | EO32: =SUM(C32:C32) -> 0 | EP32: =SUM(D32:O32) -> 0 | EQ32: =SUM(P32:AA32) -> 0 | ER32: =SUM(AB32:AM32) -> 154 | ES32: =SUM(AN32:AY32) -> 317 | ET32: =SUM(AZ32:BW32) -> 246 | EU32: =SUM(BX32:CU32) -> 75 | EV32: =SUM(CV32:DS32) -> 257 | EW32: =SUM(DT32:EC32) -> 0
